datum,ID,zamestnanec,pocet_transakci,transakce_za_hod,SOS_sec,AGC,smena_zacatek,smena_konec,trvani_hodin
2025-01-01,7,BOLT  BOLT,43.0,1.7916666666666667,503.0,458.37,2025-01-01,2025-01-02,24.0
2025-01-01,10,KIOSKAPI1  API,887.0,36.958333333333336,17.0,329.68,2025-01-01,2025-01-02,24.0
2025-01-01,12,WOLT  WOLT,68.0,2.8333333333333335,437.0,434.13,2025-01-01,2025-01-02,24.0
2025-01-02,21,DELIVERY_HERO  DELIVERY,17.0,0.7083333333333334,325.0,433.98,2025-01-02,2025-01-03,24.0
2025-01-02,23,KIOSKAPI1  API,651.0,27.125,15.0,304.26,2025-01-02,2025-01-03,24.0
2025-01-02,25,WOLT  WOLT,32.0,1.3333333333333333,486.0,414.43,2025-01-02,2025-01-03,24.0
2025-01-03,35,KIOSKAPI1  API,542.0,22.583333333333332,11.0,284.98,2025-01-03,2025-01-04,24.0
2025-01-03,37,WOLT  WOLT,32.0,1.3333333333333333,600.0,444.78,2025-01-03,2025-01-04,24.0
2025-01-04,47,KIOSKAPI1  API,502.0,20.916666666666668,13.0,278.24,2025-01-04,2025-01-05,24.0
2025-01-04,49,WOLT  WOLT,31.0,1.2916666666666667,474.0,357.46,2025-01-04,2025-01-05,24.0
2025-01-05,60,KIOSKAPI1  API,409.0,17.041666666666668,17.0,286.69,2025-01-05,2025-01-06,24.0
2025-01-05,62,WOLT  WOLT,28.0,1.1666666666666667,189.0,438.36,2025-01-05,2025-01-06,24.0
2025-01-06,71,KIOSKAPI1  API,344.0,14.333333333333334,14.0,252.92,2025-01-06,2025-01-07,24.0
2025-01-06,73,WOLT  WOLT,26.0,1.0833333333333333,259.0,403.26,2025-01-06,2025-01-07,24.0
2025-01-07,83,KIOSKAPI1  API,342.0,14.25,18.0,241.47,2025-01-07,2025-01-08,24.0
2025-01-07,85,WOLT  WOLT,35.0,1.4583333333333333,273.0,311.28,2025-01-07,2025-01-08,24.0
2025-01-08,95,KIOSKAPI1  API,399.0,16.625,9.0,258.18,2025-01-08,2025-01-09,24.0
2025-01-08,97,WOLT  WOLT,51.0,2.125,456.0,357.58,2025-01-08,2025-01-09,24.0
2025-01-09,107,KIOSKAPI1  API,427.0,17.791666666666668,42.0,240.83,2025-01-09,2025-01-10,24.0
2025-01-09,109,WOLT  WOLT,46.0,1.9166666666666667,321.0,395.87,2025-01-09,2025-01-10,24.0
2025-01-10,120,KIOSKAPI1  API,587.0,24.458333333333332,14.0,246.73,2025-01-10,2025-01-11,24.0
2025-01-10,122,WOLT  WOLT,40.0,1.6666666666666667,299.0,359.6,2025-01-10,2025-01-11,24.0
2025-01-11,132,KIOSKAPI1  API,470.0,19.583333333333332,10.0,238.48,2025-01-11,2025-01-12,24.0
2025-01-11,134,WOLT  WOLT,42.0,1.75,282.0,385.23,2025-01-11,2025-01-12,24.0
2025-01-12,145,KIOSKAPI1  API,361.0,15.041666666666666,13.0,279.45,2025-01-12,2025-01-13,24.0
2025-01-12,147,WOLT  WOLT,51.0,2.125,253.0,365.98,2025-01-12,2025-01-13,24.0
2025-01-13,156,DELIVERY_HERO  DELIVERY,18.0,0.75,154.0,399.75,2025-01-13,2025-01-14,24.0
2025-01-13,158,KIOSKAPI1  API,386.0,16.083333333333332,10.0,244.0,2025-01-13,2025-01-14,24.0
2025-01-13,160,WOLT  WOLT,42.0,1.75,249.0,324.96,2025-01-13,2025-01-14,24.0
2025-01-14,170,KIOSKAPI1  API,391.0,16.291666666666668,6.0,206.1,2025-01-14,2025-01-15,24.0
2025-01-14,172,WOLT  WOLT,46.0,1.9166666666666667,286.0,306.66,2025-01-14,2025-01-15,24.0
2025-01-15,183,KIOSKAPI1  API,389.0,16.208333333333332,12.0,223.87,2025-01-15,2025-01-16,24.0
2025-01-15,185,WOLT  WOLT,39.0,1.625,286.0,413.62,2025-01-15,2025-01-16,24.0
2025-01-16,195,KIOSKAPI1  API,448.0,18.666666666666668,8.0,229.51,2025-01-16,2025-01-17,24.0
2025-01-16,197,WOLT  WOLT,38.0,1.5833333333333333,275.0,368.3,2025-01-16,2025-01-17,24.0
2025-01-17,205,BOLT  BOLT,20.0,0.8333333333333334,208.0,322.77,2025-01-17,2025-01-18,24.0
2025-01-17,208,KIOSKAPI1  API,460.0,19.166666666666668,6.0,245.15,2025-01-17,2025-01-18,24.0
2025-01-17,210,WOLT  WOLT,47.0,1.9583333333333333,236.0,316.09,2025-01-17,2025-01-18,24.0
2025-01-18,221,KIOSKAPI1  API,552.0,23.0,10.0,265.18,2025-01-18,2025-01-19,24.0
2025-01-18,223,WOLT  WOLT,48.0,2.0,283.0,360.64,2025-01-18,2025-01-19,24.0
2025-01-19,231,BOLT  BOLT,18.0,0.75,362.0,328.13,2025-01-19,2025-01-20,24.0
2025-01-19,234,KIOSKAPI1  API,437.0,18.208333333333332,10.0,256.0,2025-01-19,2025-01-20,24.0
2025-01-19,236,WOLT  WOLT,48.0,2.0,335.0,371.0,2025-01-19,2025-01-20,24.0
2025-01-20,247,KIOSKAPI1  API,350.0,14.583333333333334,8.0,241.14,2025-01-20,2025-01-21,24.0
2025-01-20,249,WOLT  WOLT,49.0,2.0416666666666665,330.0,412.45,2025-01-20,2025-01-21,24.0
2025-01-21,259,KIOSKAPI1  API,370.0,15.416666666666666,8.0,225.26,2025-01-21,2025-01-22,24.0
2025-01-21,261,WOLT  WOLT,38.0,1.5833333333333333,212.0,332.66,2025-01-21,2025-01-22,24.0
2025-01-22,270,KIOSKAPI1  API,386.0,16.083333333333332,10.0,212.03,2025-01-22,2025-01-23,24.0
2025-01-22,272,WOLT  WOLT,33.0,1.375,146.0,316.02,2025-01-22,2025-01-23,24.0
2025-01-23,282,KIOSKAPI1  API,425.0,17.708333333333332,10.0,226.4,2025-01-23,2025-01-24,24.0
2025-01-23,284,WOLT  WOLT,30.0,1.25,192.0,331.01,2025-01-23,2025-01-24,24.0
2025-01-24,295,KIOSKAPI1  API,542.0,22.583333333333332,11.0,246.98,2025-01-24,2025-01-25,24.0
2025-01-24,297,WOLT  WOLT,51.0,2.125,390.0,417.89,2025-01-24,2025-01-25,24.0
2025-01-25,308,KIOSKAPI1  API,573.0,23.875,11.0,249.75,2025-01-25,2025-01-26,24.0
2025-01-25,310,WOLT  WOLT,44.0,1.8333333333333333,268.0,455.64,2025-01-25,2025-01-26,24.0
2025-01-26,320,KIOSKAPI1  API,467.0,19.458333333333332,20.0,256.09,2025-01-26,2025-01-27,24.0
2025-01-26,322,WOLT  WOLT,51.0,2.125,217.0,370.26,2025-01-26,2025-01-27,24.0
2025-01-27,332,KIOSKAPI1  API,404.0,16.833333333333332,8.0,233.59,2025-01-27,2025-01-28,24.0
2025-01-27,334,WOLT  WOLT,38.0,1.5833333333333333,490.0,328.24,2025-01-27,2025-01-28,24.0
2025-01-28,344,KIOSKAPI1  API,410.0,17.083333333333332,8.0,245.32,2025-01-28,2025-01-29,24.0
2025-01-28,346,WOLT  WOLT,44.0,1.8333333333333333,177.0,370.98,2025-01-28,2025-01-29,24.0
2025-01-29,357,KIOSKAPI1  API,405.0,16.875,7.0,210.87,2025-01-29,2025-01-30,24.0
2025-01-29,359,WOLT  WOLT,37.0,1.5416666666666667,222.0,403.91,2025-01-29,2025-01-30,24.0
2025-01-30,369,KIOSKAPI1  API,462.0,19.25,13.0,219.0,2025-01-30,2025-01-31,24.0
2025-01-30,371,WOLT  WOLT,44.0,1.8333333333333333,251.0,380.19,2025-01-30,2025-01-31,24.0
2025-01-31,381,KIOSKAPI1  API,565.0,23.541666666666668,11.0,243.59,2025-01-31,2025-02-01,24.0
2025-01-31,383,WOLT  WOLT,46.0,1.9166666666666667,311.0,381.11,2025-01-31,2025-02-01,24.0
2025-02-01,391,BOLT  BOLT,24.0,1.0,319.0,363.58,2025-02-01,2025-02-02,24.0
2025-02-01,394,KIOSKAPI1  API,579.0,24.125,10.0,251.47,2025-02-01,2025-02-02,24.0
2025-02-01,396,WOLT  WOLT,57.0,2.375,324.0,403.23,2025-02-01,2025-02-02,24.0
2025-02-02,405,KIOSKAPI1  API,426.0,17.75,11.0,260.8,2025-02-02,2025-02-03,24.0
2025-02-02,407,WOLT  WOLT,37.0,1.5416666666666667,254.0,411.8,2025-02-02,2025-02-03,24.0
2025-02-03,419,KIOSKAPI1  API,434.0,18.083333333333332,11.0,244.01,2025-02-03,2025-02-04,24.0
2025-02-03,421,WOLT  WOLT,50.0,2.0833333333333335,402.0,426.14,2025-02-03,2025-02-04,24.0
2025-02-04,432,KIOSKAPI1  API,437.0,18.208333333333332,8.0,223.48,2025-02-04,2025-02-05,24.0
2025-02-04,434,WOLT  WOLT,41.0,1.7083333333333333,276.0,355.44,2025-02-04,2025-02-05,24.0
2025-02-05,444,KIOSKAPI1  API,468.0,19.5,10.0,214.95,2025-02-05,2025-02-06,24.0
2025-02-05,446,WOLT  WOLT,40.0,1.6666666666666667,376.0,444.4,2025-02-05,2025-02-06,24.0
2025-02-06,457,KIOSKAPI1  API,478.0,19.916666666666668,10.0,232.94,2025-02-06,2025-02-07,24.0
2025-02-06,459,WOLT  WOLT,42.0,1.75,253.0,382.78,2025-02-06,2025-02-07,24.0
2025-02-07,470,KIOSKAPI1  API,572.0,23.833333333333332,7.0,229.43,2025-02-07,2025-02-08,24.0
2025-02-07,472,WOLT  WOLT,40.0,1.6666666666666667,332.0,386.85,2025-02-07,2025-02-08,24.0
2025-02-08,483,KIOSKAPI1  API,628.0,26.166666666666668,49.0,273.3,2025-02-08,2025-02-09,24.0
2025-02-08,485,WOLT  WOLT,48.0,2.0,307.0,393.64,2025-02-08,2025-02-09,24.0
2025-02-09,495,KIOSKAPI1  API,456.0,19.0,18.0,260.32,2025-02-09,2025-02-10,24.0
2025-02-09,497,WOLT  WOLT,44.0,1.8333333333333333,354.0,372.91,2025-02-09,2025-02-10,24.0
2025-02-10,508,KIOSKAPI1  API,446.0,18.583333333333332,8.0,237.05,2025-02-10,2025-02-11,24.0
2025-02-10,510,WOLT  WOLT,42.0,1.75,367.0,392.86,2025-02-10,2025-02-11,24.0
2025-02-11,519,KIOSKAPI1  API,476.0,19.833333333333332,10.0,236.51,2025-02-11,2025-02-12,24.0
2025-02-11,521,WOLT  WOLT,37.0,1.5416666666666667,293.0,356.66,2025-02-11,2025-02-12,24.0
2025-02-12,532,KIOSKAPI1  API,517.0,21.541666666666668,10.0,239.59,2025-02-12,2025-02-13,24.0
2025-02-12,534,WOLT  WOLT,41.0,1.7083333333333333,354.0,363.41,2025-02-12,2025-02-13,24.0
2025-02-13,543,KIOSKAPI1  API,511.0,21.291666666666668,11.0,241.72,2025-02-13,2025-02-14,24.0
2025-02-13,545,WOLT  WOLT,30.0,1.25,177.0,343.63,2025-02-13,2025-02-14,24.0
2025-02-14,556,KIOSKAPI1  API,585.0,24.375,9.0,259.27,2025-02-14,2025-02-15,24.0
2025-02-14,558,WOLT  WOLT,42.0,1.75,399.0,396.49,2025-02-14,2025-02-15,24.0
2025-02-15,568,KIOSKAPI1  API,689.0,28.708333333333332,7.0,277.0,2025-02-15,2025-02-16,24.0
2025-02-15,570,WOLT  WOLT,29.0,1.2083333333333333,429.0,361.64,2025-02-15,2025-02-16,24.0
2025-02-16,581,KIOSKAPI1  API,540.0,22.5,14.0,283.91,2025-02-16,2025-02-17,24.0
2025-02-16,583,WOLT  WOLT,38.0,1.5833333333333333,480.0,403.81,2025-02-16,2025-02-17,24.0
2025-02-17,594,KIOSKAPI1  API,508.0,21.166666666666668,8.0,236.78,2025-02-17,2025-02-18,24.0
2025-02-17,596,WOLT  WOLT,39.0,1.625,332.0,339.19,2025-02-17,2025-02-18,24.0
2025-02-18,607,KIOSKAPI1  API,480.0,20.0,10.0,247.88,2025-02-18,2025-02-19,24.0
2025-02-18,609,WOLT  WOLT,30.0,1.25,299.0,387.56,2025-02-18,2025-02-19,24.0
2025-02-19,618,DELIVERY_HERO  DELIVERY,16.0,0.6666666666666666,223.0,384.1,2025-02-19,2025-02-20,24.0
2025-02-19,620,KIOSKAPI1  API,459.0,19.125,9.0,249.88,2025-02-19,2025-02-20,24.0
2025-02-19,622,WOLT  WOLT,39.0,1.625,308.0,341.44,2025-02-19,2025-02-20,24.0
2025-02-20,632,KIOSKAPI1  API,544.0,22.666666666666668,12.0,246.91,2025-02-20,2025-02-21,24.0
2025-02-20,634,WOLT  WOLT,34.0,1.4166666666666667,348.0,357.12,2025-02-20,2025-02-21,24.0
2025-02-21,644,KIOSKAPI1  API,778.0,32.416666666666664,10.0,251.64,2025-02-21,2025-02-22,24.0
2025-02-21,646,WOLT  WOLT,35.0,1.4583333333333333,270.0,432.5,2025-02-21,2025-02-22,24.0
2025-02-22,657,KIOSKAPI1  API,789.0,32.875,10.0,262.66,2025-02-22,2025-02-23,24.0
2025-02-22,659,WOLT  WOLT,39.0,1.625,381.0,375.46,2025-02-22,2025-02-23,24.0
2025-02-23,671,KIOSKAPI1  API,619.0,25.791666666666668,15.0,266.55,2025-02-23,2025-02-24,24.0
2025-02-23,673,WOLT  WOLT,46.0,1.9166666666666667,263.0,347.65,2025-02-23,2025-02-24,24.0
2025-02-24,684,KIOSKAPI1  API,592.0,24.666666666666668,16.0,232.15,2025-02-24,2025-02-25,24.0
2025-02-24,686,WOLT  WOLT,40.0,1.6666666666666667,494.0,364.58,2025-02-24,2025-02-25,24.0
2025-02-25,696,KIOSKAPI1  API,531.0,22.125,10.0,244.04,2025-02-25,2025-02-26,24.0
2025-02-25,698,WOLT  WOLT,30.0,1.25,2583.0,316.4,2025-02-25,2025-02-26,24.0
2025-02-26,709,KIOSKAPI1  API,598.0,24.916666666666668,9.0,229.34,2025-02-26,2025-02-27,24.0
2025-02-26,711,WOLT  WOLT,41.0,1.7083333333333333,294.0,380.71,2025-02-26,2025-02-27,24.0
2025-02-27,720,KIOSKAPI1  API,664.0,27.666666666666668,8.0,245.11,2025-02-27,2025-02-28,24.0
2025-02-27,722,WOLT  WOLT,26.0,1.0833333333333333,618.0,352.44,2025-02-27,2025-02-28,24.0
2025-02-28,734,KIOSKAPI1  API,815.0,33.958333333333336,18.0,248.16,2025-02-28,2025-03-01,24.0
2025-02-28,736,WOLT  WOLT,27.0,1.125,322.0,337.33,2025-02-28,2025-03-01,24.0
2025-03-01,745,DELIVERY_HERO  DELIVERY,17.0,0.7083333333333334,238.0,525.37,2025-03-01,2025-03-02,24.0
2025-03-01,747,KIOSKAPI1  API,802.0,33.416666666666664,36.0,275.64,2025-03-01,2025-03-02,24.0
2025-03-01,749,WOLT  WOLT,41.0,1.7083333333333333,298.0,391.68,2025-03-01,2025-03-02,24.0
2025-03-02,759,KIOSKAPI1  API,608.0,25.333333333333332,14.0,267.29,2025-03-02,2025-03-03,24.0
2025-03-02,761,WOLT  WOLT,52.0,2.1666666666666665,422.0,386.97,2025-03-02,2025-03-03,24.0
2025-03-03,772,KIOSKAPI1  API,552.0,23.0,33.0,244.53,2025-03-03,2025-03-04,24.0
2025-03-03,774,WOLT  WOLT,46.0,1.9166666666666667,284.0,319.91,2025-03-03,2025-03-04,24.0
2025-03-04,785,KIOSKAPI1  API,551.0,22.958333333333332,13.0,240.6,2025-03-04,2025-03-05,24.0
2025-03-04,787,WOLT  WOLT,33.0,1.375,346.0,322.19,2025-03-04,2025-03-05,24.0
2025-03-05,798,KIOSKAPI1  API,540.0,22.5,9.0,233.11,2025-03-05,2025-03-06,24.0
2025-03-05,800,WOLT  WOLT,34.0,1.4166666666666667,284.0,350.11,2025-03-05,2025-03-06,24.0
2025-03-06,810,KIOSKAPI1  API,671.0,27.958333333333332,13.0,245.39,2025-03-06,2025-03-07,24.0
2025-03-06,812,WOLT  WOLT,51.0,2.125,410.0,376.93,2025-03-06,2025-03-07,24.0
2025-03-07,823,KIOSKAPI1  API,836.0,34.833333333333336,19.0,241.22,2025-03-07,2025-03-08,24.0
2025-03-07,825,WOLT  WOLT,49.0,2.0416666666666665,271.0,384.24,2025-03-07,2025-03-08,24.0
2025-03-08,836,KIOSKAPI1  API,960.0,40.0,10.0,257.27,2025-03-08,2025-03-09,24.0
2025-03-08,838,WOLT  WOLT,40.0,1.6666666666666667,326.0,376.0,2025-03-08,2025-03-09,24.0
2025-03-09,849,KIOSKAPI1  API,652.0,27.166666666666668,12.0,249.55,2025-03-09,2025-03-10,24.0
2025-03-09,851,WOLT  WOLT,52.0,2.1666666666666665,308.0,354.72,2025-03-09,2025-03-10,24.0
2025-03-10,858,DELIVERY_HERO  DELIVERY,14.0,0.5833333333333334,242.0,354.59,2025-03-10,2025-03-11,24.0
2025-03-10,860,KIOSKAPI1  API,556.0,23.166666666666668,15.0,222.91,2025-03-10,2025-03-11,24.0
2025-03-10,862,WOLT  WOLT,40.0,1.6666666666666667,232.0,369.91,2025-03-10,2025-03-11,24.0
2025-03-11,872,KIOSKAPI1  API,630.0,26.25,11.0,238.53,2025-03-11,2025-03-12,24.0
2025-03-11,874,WOLT  WOLT,41.0,1.7083333333333333,298.0,313.18,2025-03-11,2025-03-12,24.0
2025-03-12,883,KIOSKAPI1  API,546.0,22.75,14.0,220.66,2025-03-12,2025-03-13,24.0
2025-03-12,885,WOLT  WOLT,41.0,1.7083333333333333,314.0,325.7,2025-03-12,2025-03-13,24.0
2025-03-13,896,KIOSKAPI1  API,610.0,25.416666666666668,8.0,246.23,2025-03-13,2025-03-14,24.0
2025-03-13,898,WOLT  WOLT,45.0,1.875,250.0,328.69,2025-03-13,2025-03-14,24.0
2025-03-14,908,KIOSKAPI1  API,818.0,34.083333333333336,11.0,245.98,2025-03-14,2025-03-15,24.0
2025-03-14,910,WOLT  WOLT,52.0,2.1666666666666665,249.0,328.14,2025-03-14,2025-03-15,24.0
2025-03-15,920,KIOSKAPI1  API,810.0,33.75,9.0,267.15,2025-03-15,2025-03-16,24.0
2025-03-15,922,WOLT  WOLT,57.0,2.375,200.0,368.95,2025-03-15,2025-03-16,24.0
2025-03-16,932,KIOSKAPI1  API,564.0,23.5,12.0,249.4,2025-03-16,2025-03-17,24.0
2025-03-16,934,WOLT  WOLT,39.0,1.625,281.0,313.03,2025-03-16,2025-03-17,24.0
2025-03-17,945,KIOSKAPI1  API,488.0,20.333333333333332,8.0,236.07,2025-03-17,2025-03-18,24.0
2025-03-17,947,WOLT  WOLT,32.0,1.3333333333333333,422.0,345.73,2025-03-17,2025-03-18,24.0
2025-03-18,956,KIOSKAPI1  API,515.0,21.458333333333332,10.0,251.6,2025-03-18,2025-03-19,24.0
2025-03-18,958,WOLT  WOLT,40.0,1.6666666666666667,316.0,298.97,2025-03-18,2025-03-19,24.0
2025-03-19,968,KIOSKAPI1  API,639.0,26.625,9.0,207.71,2025-03-19,2025-03-20,24.0
2025-03-19,970,WOLT  WOLT,37.0,1.5416666666666667,272.0,286.73,2025-03-19,2025-03-20,24.0
2025-03-20,980,KIOSKAPI1  API,708.0,29.5,21.0,233.18,2025-03-20,2025-03-21,24.0
2025-03-20,982,WOLT  WOLT,42.0,1.75,371.0,395.3,2025-03-20,2025-03-21,24.0
2025-03-21,994,KIOSKAPI1  API,941.0,39.208333333333336,20.0,254.22,2025-03-21,2025-03-22,24.0
2025-03-21,996,WOLT  WOLT,56.0,2.3333333333333335,275.0,378.44,2025-03-21,2025-03-22,24.0
2025-03-22,1006,KIOSKAPI1  API,847.0,35.291666666666664,8.0,256.28,2025-03-22,2025-03-23,24.0
2025-03-22,1008,WOLT  WOLT,45.0,1.875,310.0,356.92,2025-03-22,2025-03-23,24.0
2025-03-23,1019,KIOSKAPI1  API,657.0,27.375,15.0,258.5,2025-03-23,2025-03-24,24.0
2025-03-23,1021,WOLT  WOLT,42.0,1.75,371.0,372.49,2025-03-23,2025-03-24,24.0
2025-03-24,1031,KIOSKAPI1  API,556.0,23.166666666666668,10.0,241.5,2025-03-24,2025-03-25,24.0
2025-03-24,1033,WOLT  WOLT,29.0,1.2083333333333333,289.0,436.73,2025-03-24,2025-03-25,24.0
2025-03-25,1044,KIOSKAPI1  API,621.0,25.875,44.0,231.04,2025-03-25,2025-03-26,24.0
2025-03-25,1046,WOLT  WOLT,36.0,1.5,290.0,354.49,2025-03-25,2025-03-26,24.0
2025-03-26,1058,KIOSKAPI1  API,650.0,27.083333333333332,10.0,226.09,2025-03-26,2025-03-27,24.0
2025-03-26,1060,WOLT  WOLT,29.0,1.2083333333333333,346.0,333.31,2025-03-26,2025-03-27,24.0
2025-03-27,1071,KIOSKAPI1  API,691.0,28.791666666666668,9.0,233.34,2025-03-27,2025-03-28,24.0
2025-03-27,1073,WOLT  WOLT,33.0,1.375,258.0,349.89,2025-03-27,2025-03-28,24.0
2025-03-28,1083,KIOSKAPI1  API,867.0,36.125,7.0,248.41,2025-03-28,2025-03-29,24.0
2025-03-28,1085,WOLT  WOLT,42.0,1.75,305.0,296.79,2025-03-28,2025-03-29,24.0
2025-03-29,1096,KIOSKAPI1  API,863.0,35.958333333333336,14.0,265.56,2025-03-29,2025-03-30,24.0
2025-03-29,1098,WOLT  WOLT,36.0,1.5,614.0,365.35,2025-03-29,2025-03-30,24.0
2025-03-30,1110,KIOSKAPI1  API,670.0,27.916666666666668,13.0,252.58,2025-03-30,2025-03-31,24.0
2025-03-30,1112,WOLT  WOLT,39.0,1.625,330.0,346.82,2025-03-30,2025-03-31,24.0
2025-03-31,1121,KIOSKAPI1  API,610.0,25.416666666666668,11.0,225.48,2025-03-31,2025-04-01,24.0
2025-03-31,1123,WOLT  WOLT,43.0,1.7916666666666667,245.0,301.99,2025-03-31,2025-04-01,24.0
2025-04-01,1133,KIOSKAPI1  API,644.0,26.833333333333332,12.0,229.77,2025-04-01,2025-04-02,24.0
2025-04-01,1135,WOLT  WOLT,33.0,1.375,919.0,362.66,2025-04-01,2025-04-02,24.0
2025-04-02,1144,KIOSKAPI1  API,699.0,29.125,26.0,237.11,2025-04-02,2025-04-03,24.0
2025-04-02,1146,WOLT  WOLT,42.0,1.75,251.0,334.67,2025-04-02,2025-04-03,24.0
2025-04-03,1156,KIOSKAPI1  API,826.0,34.416666666666664,11.0,237.55,2025-04-03,2025-04-04,24.0
2025-04-03,1158,WOLT  WOLT,32.0,1.3333333333333333,466.0,391.91,2025-04-03,2025-04-04,24.0
2025-04-04,1170,KIOSKAPI1  API,826.0,34.416666666666664,9.0,250.3,2025-04-04,2025-04-05,24.0
2025-04-04,1172,WOLT  WOLT,34.0,1.4166666666666667,224.0,302.1,2025-04-04,2025-04-05,24.0
2025-04-05,1182,DELIVERY_HERO  DELIVERY,19.0,0.7916666666666666,384.0,355.69,2025-04-05,2025-04-06,24.0
2025-04-05,1184,KIOSKAPI1  API,766.0,31.916666666666668,12.0,277.97,2025-04-05,2025-04-06,24.0
2025-04-05,1186,WOLT  WOLT,39.0,1.625,399.0,304.65,2025-04-05,2025-04-06,24.0
2025-04-06,1196,KIOSKAPI1  API,605.0,25.208333333333332,14.0,257.51,2025-04-06,2025-04-07,24.0
2025-04-06,1198,WOLT  WOLT,38.0,1.5833333333333333,279.0,381.41,2025-04-06,2025-04-07,24.0
2025-04-07,1207,DELIVERY_HERO  DELIVERY,26.0,1.0833333333333333,221.0,376.44,2025-04-07,2025-04-08,24.0
2025-04-07,1209,KIOSKAPI1  API,560.0,23.333333333333332,10.0,218.04,2025-04-07,2025-04-08,24.0
2025-04-07,1211,WOLT  WOLT,39.0,1.625,230.0,328.11,2025-04-07,2025-04-08,24.0
2025-04-08,1222,KIOSKAPI1  API,587.0,24.458333333333332,15.0,226.77,2025-04-08,2025-04-09,24.0
2025-04-08,1224,WOLT  WOLT,33.0,1.375,248.0,360.15,2025-04-08,2025-04-09,24.0
2025-04-09,1232,KIOSKAPI1  API,696.0,29.0,16.0,230.81,2025-04-09,2025-04-10,24.0
2025-04-09,1234,WOLT  WOLT,22.0,0.9166666666666666,500.0,396.59,2025-04-09,2025-04-10,24.0
2025-04-10,1244,KIOSKAPI1  API,748.0,31.166666666666668,15.0,248.53,2025-04-10,2025-04-11,24.0
2025-04-10,1246,WOLT  WOLT,22.0,0.9166666666666666,344.0,360.27,2025-04-10,2025-04-11,24.0
2025-04-11,1255,DELIVERY_HERO  DELIVERY,15.0,0.625,300.0,276.13,2025-04-11,2025-04-12,24.0
2025-04-11,1257,KIOSKAPI1  API,788.0,32.833333333333336,10.0,245.02,2025-04-11,2025-04-12,24.0
2025-04-11,1259,WOLT  WOLT,26.0,1.0833333333333333,305.0,369.27,2025-04-11,2025-04-12,24.0
2025-04-12,1269,DELIVERY_HERO  DELIVERY,18.0,0.75,332.0,384.92,2025-04-12,2025-04-13,24.0
2025-04-12,1271,KIOSKAPI1  API,895.0,37.291666666666664,7.0,274.83,2025-04-12,2025-04-13,24.0
2025-04-12,1273,WOLT  WOLT,34.0,1.4166666666666667,476.0,373.53,2025-04-12,2025-04-13,24.0
2025-04-13,1281,KIOSKAPI1  API,756.0,31.5,22.0,260.45,2025-04-13,2025-04-14,24.0
2025-04-13,1283,WOLT  WOLT,66.0,2.75,396.0,385.01,2025-04-13,2025-04-14,24.0
2025-04-14,1293,DELIVERY_HERO  DELIVERY,26.0,1.0833333333333333,343.0,391.14,2025-04-14,2025-04-15,24.0
2025-04-14,1295,KIOSKAPI1  API,706.0,29.416666666666668,18.0,231.19,2025-04-14,2025-04-15,24.0
2025-04-14,1297,WOLT  WOLT,60.0,2.5,390.0,396.06,2025-04-14,2025-04-15,24.0
2025-04-15,1306,KIOSKAPI1  API,696.0,29.0,13.0,247.08,2025-04-15,2025-04-16,24.0
2025-04-15,1308,WOLT  WOLT,28.0,1.1666666666666667,262.0,371.84,2025-04-15,2025-04-16,24.0
2025-04-16,1316,KIOSKAPI1  API,607.0,25.291666666666668,13.0,228.77,2025-04-16,2025-04-17,24.0
2025-04-16,1318,WOLT  WOLT,41.0,1.7083333333333333,434.0,363.13,2025-04-16,2025-04-17,24.0
2025-04-17,1326,DELIVERY_HERO  DELIVERY,13.0,0.5416666666666666,545.0,314.01,2025-04-17,2025-04-18,24.0
2025-04-17,1328,KIOSKAPI1  API,701.0,29.208333333333332,59.0,241.23,2025-04-17,2025-04-18,24.0
2025-04-17,1330,WOLT  WOLT,39.0,1.625,552.0,298.4,2025-04-17,2025-04-18,24.0
2025-04-18,1341,KIOSKAPI1  API,657.0,27.375,14.0,270.71,2025-04-18,2025-04-19,24.0
2025-04-18,1343,WOLT  WOLT,38.0,1.5833333333333333,448.0,361.94,2025-04-18,2025-04-19,24.0
2025-04-19,1354,KIOSKAPI1  API,723.0,30.125,15.0,269.21,2025-04-19,2025-04-20,24.0
2025-04-19,1356,WOLT  WOLT,42.0,1.75,298.0,386.71,2025-04-19,2025-04-20,24.0
2025-04-20,1366,KIOSKAPI1  API,708.0,29.5,24.0,261.65,2025-04-20,2025-04-21,24.0
2025-04-20,1368,WOLT  WOLT,30.0,1.25,434.0,418.42,2025-04-20,2025-04-21,24.0
2025-04-21,1378,KIOSKAPI1  API,527.0,21.958333333333332,16.0,243.02,2025-04-21,2025-04-22,24.0
2025-04-21,1380,WOLT  WOLT,44.0,1.8333333333333333,351.0,383.81,2025-04-21,2025-04-22,24.0
2025-04-22,1390,KIOSKAPI1  API,433.0,18.041666666666668,6.0,210.57,2025-04-22,2025-04-23,24.0
2025-04-22,1392,WOLT  WOLT,33.0,1.375,265.0,335.15,2025-04-22,2025-04-23,24.0
2025-04-23,1403,KIOSKAPI1  API,505.0,21.041666666666668,24.0,234.28,2025-04-23,2025-04-24,24.0
2025-04-23,1405,WOLT  WOLT,33.0,1.375,312.0,299.16,2025-04-23,2025-04-24,24.0
2025-04-24,1415,KIOSKAPI1  API,547.0,22.791666666666668,10.0,244.11,2025-04-24,2025-04-25,24.0
2025-04-25,1427,KIOSKAPI1  API,667.0,27.791666666666668,9.0,246.26,2025-04-25,2025-04-26,24.0
2025-04-25,1429,WOLT  WOLT,37.0,1.5416666666666667,322.0,428.47,2025-04-25,2025-04-26,24.0
2025-04-26,1439,KIOSKAPI1  API,759.0,31.625,10.0,232.22,2025-04-26,2025-04-27,24.0
2025-04-26,1441,WOLT  WOLT,35.0,1.4583333333333333,357.0,410.33,2025-04-26,2025-04-27,24.0
2025-04-27,1451,KIOSKAPI1  API,569.0,23.708333333333332,10.0,259.23,2025-04-27,2025-04-28,24.0
2025-04-27,1453,WOLT  WOLT,38.0,1.5833333333333333,276.0,364.33,2025-04-27,2025-04-28,24.0
2025-04-28,1464,KIOSKAPI1  API,519.0,21.625,10.0,232.59,2025-04-28,2025-04-29,24.0
2025-04-28,1466,WOLT  WOLT,48.0,2.0,233.0,328.81,2025-04-28,2025-04-29,24.0
2025-04-29,1476,KIOSKAPI1  API,501.0,20.875,21.0,229.99,2025-04-29,2025-04-30,24.0
2025-04-29,1478,WOLT  WOLT,29.0,1.2083333333333333,288.0,401.69,2025-04-29,2025-04-30,24.0
2025-04-30,1489,KIOSKAPI1  API,526.0,21.916666666666668,6.0,220.42,2025-04-30,2025-05-01,24.0
2025-04-30,1491,WOLT  WOLT,37.0,1.5416666666666667,367.0,330.74,2025-04-30,2025-05-01,24.0
2025-05-01,1500,KIOSKAPI1  API,545.0,22.708333333333332,10.0,280.86,2025-05-01,2025-05-02,24.0
2025-05-01,1502,WOLT  WOLT,36.0,1.5,254.0,397.15,2025-05-01,2025-05-02,24.0
2025-05-02,1512,DELIVERY_HERO  DELIVERY,21.0,0.875,232.0,293.58,2025-05-02,2025-05-03,24.0
2025-05-02,1514,KIOSKAPI1  API,776.0,32.333333333333336,10.0,272.29,2025-05-02,2025-05-03,24.0
2025-05-02,1516,WOLT  WOLT,24.0,1.0,209.0,342.45,2025-05-02,2025-05-03,24.0
2025-05-03,1525,KIOSKAPI1  API,666.0,27.75,12.0,261.86,2025-05-03,2025-05-04,24.0
2025-05-03,1527,WOLT  WOLT,27.0,1.125,261.0,424.44,2025-05-03,2025-05-04,24.0
2025-05-04,1536,DELIVERY_HERO  DELIVERY,20.0,0.8333333333333334,159.0,251.34,2025-05-04,2025-05-05,24.0
2025-05-04,1538,KIOSKAPI1  API,523.0,21.791666666666668,9.0,263.32,2025-05-04,2025-05-05,24.0
2025-05-04,1540,WOLT  WOLT,17.0,0.7083333333333334,382.0,331.3,2025-05-04,2025-05-05,24.0
2025-05-05,1550,DELIVERY_HERO  DELIVERY,19.0,0.7916666666666666,215.0,326.79,2025-05-05,2025-05-06,24.0
2025-05-05,1552,KIOSKAPI1  API,462.0,19.25,15.0,214.7,2025-05-05,2025-05-06,24.0
2025-05-05,1554,WOLT  WOLT,48.0,2.0,247.0,416.29,2025-05-05,2025-05-06,24.0
2025-05-06,1563,DELIVERY_HERO  DELIVERY,23.0,0.9583333333333334,330.0,336.57,2025-05-06,2025-05-07,24.0
2025-05-06,1565,KIOSKAPI1  API,481.0,20.041666666666668,12.0,228.92,2025-05-06,2025-05-07,24.0
2025-05-06,1567,WOLT  WOLT,35.0,1.4583333333333333,344.0,349.64,2025-05-06,2025-05-07,24.0
2025-05-07,1577,DELIVERY_HERO  DELIVERY,18.0,0.75,358.0,302.93,2025-05-07,2025-05-08,24.0
2025-05-07,1579,KIOSKAPI1  API,482.0,20.083333333333332,11.0,222.1,2025-05-07,2025-05-08,24.0
2025-05-07,1581,WOLT  WOLT,41.0,1.7083333333333333,295.0,341.18,2025-05-07,2025-05-08,24.0
2025-05-08,1591,DELIVERY_HERO  DELIVERY,22.0,0.9166666666666666,237.0,266.76,2025-05-08,2025-05-09,24.0
2025-05-08,1593,KIOSKAPI1  API,641.0,26.708333333333332,11.0,229.05,2025-05-08,2025-05-09,24.0
2025-05-08,1595,WOLT  WOLT,46.0,1.9166666666666667,198.0,350.56,2025-05-08,2025-05-09,24.0
2025-05-09,1605,DELIVERY_HERO  DELIVERY,23.0,0.9583333333333334,297.0,309.08,2025-05-09,2025-05-10,24.0
2025-05-09,1607,KIOSKAPI1  API,739.0,30.791666666666668,20.0,262.3,2025-05-09,2025-05-10,24.0
2025-05-09,1609,WOLT  WOLT,46.0,1.9166666666666667,316.0,375.72,2025-05-09,2025-05-10,24.0
2025-05-10,1617,DELIVERY_HERO  DELIVERY,17.0,0.7083333333333334,395.0,342.17,2025-05-10,2025-05-11,24.0
2025-05-10,1619,KIOSKAPI1  API,664.0,27.666666666666668,19.0,255.6,2025-05-10,2025-05-11,24.0
2025-05-10,1621,WOLT  WOLT,46.0,1.9166666666666667,231.0,389.17,2025-05-10,2025-05-11,24.0
2025-05-11,1630,DELIVERY_HERO  DELIVERY,19.0,0.7916666666666666,388.0,288.3,2025-05-11,2025-05-12,24.0
2025-05-11,1632,KIOSKAPI1  API,531.0,22.125,9.0,247.06,2025-05-11,2025-05-12,24.0
2025-05-11,1634,WOLT  WOLT,42.0,1.75,246.0,366.84,2025-05-11,2025-05-12,24.0
2025-05-12,1645,KIOSKAPI1  API,417.0,17.375,10.0,215.88,2025-05-12,2025-05-13,24.0
2025-05-12,1647,WOLT  WOLT,53.0,2.2083333333333335,212.0,358.91,2025-05-12,2025-05-13,24.0
2025-05-13,1656,KIOSKAPI1  API,377.0,15.708333333333334,9.0,215.67,2025-05-13,2025-05-14,24.0
2025-05-13,1658,WOLT  WOLT,40.0,1.6666666666666667,297.0,387.57,2025-05-13,2025-05-14,24.0
2025-05-14,1667,KIOSKAPI1  API,403.0,16.791666666666668,14.0,206.5,2025-05-14,2025-05-15,24.0
2025-05-14,1669,WOLT  WOLT,38.0,1.5833333333333333,254.0,331.7,2025-05-14,2025-05-15,24.0
2025-05-15,1679,KIOSKAPI1  API,545.0,22.708333333333332,9.0,235.07,2025-05-15,2025-05-16,24.0
2025-05-15,1681,WOLT  WOLT,29.0,1.2083333333333333,359.0,375.34,2025-05-15,2025-05-16,24.0
2025-05-16,1690,DELIVERY_HERO  DELIVERY,17.0,0.7083333333333334,371.0,289.13,2025-05-16,2025-05-17,24.0
2025-05-16,1692,KIOSKAPI1  API,647.0,26.958333333333332,7.0,257.11,2025-05-16,2025-05-17,24.0
2025-05-16,1694,WOLT  WOLT,34.0,1.4166666666666667,563.0,286.24,2025-05-16,2025-05-17,24.0
2025-05-17,1703,KIOSKAPI1  API,673.0,28.041666666666668,10.0,260.98,2025-05-17,2025-05-18,24.0
2025-05-17,1705,WOLT  WOLT,37.0,1.5416666666666667,296.0,341.77,2025-05-17,2025-05-18,24.0
2025-05-18,1715,KIOSKAPI1  API,514.0,21.416666666666668,10.0,251.63,2025-05-18,2025-05-19,24.0
2025-05-18,1717,WOLT  WOLT,41.0,1.7083333333333333,376.0,326.85,2025-05-18,2025-05-19,24.0
2025-05-19,1727,KIOSKAPI1  API,424.0,17.666666666666668,9.0,221.49,2025-05-19,2025-05-20,24.0
2025-05-19,1729,WOLT  WOLT,39.0,1.625,424.0,388.8,2025-05-19,2025-05-20,24.0
2025-05-20,1737,DELIVERY_HERO  DELIVERY,27.0,1.125,247.0,271.69,2025-05-20,2025-05-21,24.0
2025-05-20,1739,KIOSKAPI1  API,511.0,21.291666666666668,18.0,221.41,2025-05-20,2025-05-21,24.0
2025-05-20,1741,WOLT  WOLT,34.0,1.4166666666666667,629.0,324.26,2025-05-20,2025-05-21,24.0
2025-05-21,1750,DELIVERY_HERO  DELIVERY,19.0,0.7916666666666666,306.0,325.66,2025-05-21,2025-05-22,24.0
2025-05-21,1752,KIOSKAPI1  API,585.0,24.375,17.0,218.37,2025-05-21,2025-05-22,24.0
2025-05-21,1754,WOLT  WOLT,34.0,1.4166666666666667,242.0,372.51,2025-05-21,2025-05-22,24.0
2025-05-22,1763,DELIVERY_HERO  DELIVERY,17.0,0.7083333333333334,192.0,225.89,2025-05-22,2025-05-23,24.0
2025-05-22,1765,KIOSKAPI1  API,539.0,22.458333333333332,13.0,245.96,2025-05-22,2025-05-23,24.0
2025-05-22,1767,WOLT  WOLT,29.0,1.2083333333333333,194.0,354.09,2025-05-22,2025-05-23,24.0
2025-05-23,1775,DELIVERY_HERO  DELIVERY,22.0,0.9166666666666666,226.0,277.35,2025-05-23,2025-05-24,24.0
2025-05-23,1777,KIOSKAPI1  API,656.0,27.333333333333332,10.0,237.47,2025-05-23,2025-05-24,24.0
2025-05-23,1779,WOLT  WOLT,40.0,1.6666666666666667,358.0,368.64,2025-05-23,2025-05-24,24.0
2025-05-24,1789,KIOSKAPI1  API,697.0,29.041666666666668,9.0,259.92,2025-05-24,2025-05-25,24.0
2025-05-24,1791,WOLT  WOLT,47.0,1.9583333333333333,377.0,341.26,2025-05-24,2025-05-25,24.0
2025-05-25,1800,KIOSKAPI1  API,465.0,19.375,7.0,253.78,2025-05-25,2025-05-26,24.0
2025-05-25,1802,WOLT  WOLT,36.0,1.5,240.0,355.46,2025-05-25,2025-05-26,24.0
2025-05-26,1812,DELIVERY_HERO  DELIVERY,16.0,0.6666666666666666,370.0,346.09,2025-05-26,2025-05-27,24.0
2025-05-26,1814,KIOSKAPI1  API,427.0,17.791666666666668,14.0,218.04,2025-05-26,2025-05-27,24.0
2025-05-26,1816,WOLT  WOLT,31.0,1.2916666666666667,431.0,388.54,2025-05-26,2025-05-27,24.0
2025-05-27,1826,DELIVERY_HERO  DELIVERY,15.0,0.625,335.0,252.14,2025-05-27,2025-05-28,24.0
2025-05-27,1828,KIOSKAPI1  API,557.0,23.208333333333332,20.0,234.65,2025-05-27,2025-05-28,24.0
2025-05-27,1830,WOLT  WOLT,21.0,0.875,4613.0,369.05,2025-05-27,2025-05-28,24.0
2025-05-28,1840,KIOSKAPI1  API,533.0,22.208333333333332,14.0,250.76,2025-05-28,2025-05-29,24.0
2025-05-28,1842,WOLT  WOLT,32.0,1.3333333333333333,268.0,373.6,2025-05-28,2025-05-29,24.0
2025-05-29,1850,DELIVERY_HERO  DELIVERY,14.0,0.5833333333333334,283.0,288.2,2025-05-29,2025-05-30,24.0
2025-05-29,1852,KIOSKAPI1  API,675.0,28.125,14.0,234.83,2025-05-29,2025-05-30,24.0
2025-05-29,1854,WOLT  WOLT,22.0,0.9166666666666666,236.0,297.93,2025-05-29,2025-05-30,24.0
2025-05-30,1864,KIOSKAPI1  API,768.0,32.0,19.0,257.65,2025-05-30,2025-05-31,24.0
2025-05-30,1866,WOLT  WOLT,37.0,1.5416666666666667,699.0,403.31,2025-05-30,2025-05-31,24.0
2025-05-31,1874,DELIVERY_HERO  DELIVERY,21.0,0.875,495.0,372.79,2025-05-31,2025-06-01,24.0
2025-05-31,1876,KIOSKAPI1  API,761.0,31.708333333333332,16.0,274.57,2025-05-31,2025-06-01,24.0
2025-05-31,1878,WOLT  WOLT,39.0,1.625,480.0,367.45,2025-05-31,2025-06-01,24.0
2025-06-01,1887,KIOSKAPI1  API,521.0,21.708333333333332,10.0,243.07,2025-06-01,2025-06-02,24.0
2025-06-01,1889,WOLT  WOLT,31.0,1.2916666666666667,335.0,350.29,2025-06-01,2025-06-02,24.0
2025-06-02,1899,KIOSKAPI1  API,480.0,20.0,12.0,228.79,2025-06-02,2025-06-03,24.0
2025-06-03,1911,KIOSKAPI1  API,596.0,24.833333333333332,23.0,218.02,2025-06-03,2025-06-04,24.0
2025-06-03,1913,WOLT  WOLT,27.0,1.125,400.0,373.78,2025-06-03,2025-06-04,24.0
2025-06-04,1922,KIOSKAPI1  API,526.0,21.916666666666668,13.0,237.31,2025-06-04,2025-06-05,24.0
2025-06-04,1924,WOLT  WOLT,26.0,1.0833333333333333,298.0,365.83,2025-06-04,2025-06-05,24.0
2025-06-05,1933,KIOSKAPI1  API,623.0,25.958333333333332,17.0,229.71,2025-06-05,2025-06-06,24.0
2025-06-05,1935,WOLT  WOLT,24.0,1.0,251.0,313.69,2025-06-05,2025-06-06,24.0
2025-06-06,1945,DELIVERY_HERO  DELIVERY,16.0,0.6666666666666666,301.0,454.8,2025-06-06,2025-06-07,24.0
2025-06-06,1947,KIOSKAPI1  API,633.0,26.375,29.0,241.27,2025-06-06,2025-06-07,24.0
2025-06-06,1949,WOLT  WOLT,28.0,1.1666666666666667,389.0,349.39,2025-06-06,2025-06-07,24.0
2025-06-07,1957,DELIVERY_HERO  DELIVERY,16.0,0.6666666666666666,416.0,374.72,2025-06-07,2025-06-08,24.0
2025-06-07,1959,KIOSKAPI1  API,711.0,29.625,13.0,270.99,2025-06-07,2025-06-08,24.0
2025-06-07,1961,WOLT  WOLT,25.0,1.0416666666666667,378.0,374.86,2025-06-07,2025-06-08,24.0
2025-06-08,1970,KIOSKAPI1  API,634.0,26.416666666666668,11.0,271.73,2025-06-08,2025-06-09,24.0
2025-06-08,1972,WOLT  WOLT,23.0,0.9583333333333334,348.0,328.84,2025-06-08,2025-06-09,24.0
2025-06-09,1981,KIOSKAPI1  API,578.0,24.083333333333332,17.0,253.3,2025-06-09,2025-06-10,24.0
2025-06-09,1983,WOLT  WOLT,24.0,1.0,518.0,404.8,2025-06-09,2025-06-10,24.0
2025-06-10,1992,DELIVERY_HERO  DELIVERY,14.0,0.5833333333333334,334.0,344.13,2025-06-10,2025-06-11,24.0
2025-06-10,1994,KIOSKAPI1  API,578.0,24.083333333333332,13.0,221.8,2025-06-10,2025-06-11,24.0
2025-06-11,2006,KIOSKAPI1  API,401.0,16.708333333333332,9.0,231.82,2025-06-11,2025-06-12,24.0
2025-06-11,2008,WOLT  WOLT,30.0,1.25,383.0,433.01,2025-06-11,2025-06-12,24.0
2025-06-12,2017,KIOSKAPI1  API,641.0,26.708333333333332,14.0,219.55,2025-06-12,2025-06-13,24.0
2025-06-12,2019,WOLT  WOLT,28.0,1.1666666666666667,389.0,395.89,2025-06-12,2025-06-13,24.0
2025-06-13,2029,DELIVERY_HERO  DELIVERY,21.0,0.875,273.0,289.67,2025-06-13,2025-06-14,24.0
2025-06-13,2031,KIOSKAPI1  API,622.0,25.916666666666668,15.0,230.74,2025-06-13,2025-06-14,24.0
2025-06-13,2033,WOLT  WOLT,30.0,1.25,498.0,377.35,2025-06-13,2025-06-14,24.0
2025-06-14,2041,DELIVERY_HERO  DELIVERY,24.0,1.0,266.0,316.33,2025-06-14,2025-06-15,24.0
2025-06-14,2043,KIOSKAPI1  API,669.0,27.875,25.0,260.14,2025-06-14,2025-06-15,24.0
2025-06-14,2045,WOLT  WOLT,26.0,1.0833333333333333,287.0,354.33,2025-06-14,2025-06-15,24.0
2025-06-15,2053,DELIVERY_HERO  DELIVERY,18.0,0.75,370.0,350.79,2025-06-15,2025-06-16,24.0
2025-06-15,2055,KIOSKAPI1  API,480.0,20.0,13.0,275.55,2025-06-15,2025-06-16,24.0
2025-06-15,2057,WOLT  WOLT,26.0,1.0833333333333333,341.0,354.12,2025-06-15,2025-06-16,24.0
2025-06-16,2066,DELIVERY_HERO  DELIVERY,16.0,0.6666666666666666,333.0,316.69,2025-06-16,2025-06-17,24.0
2025-06-16,2068,KIOSKAPI1  API,483.0,20.125,11.0,217.55,2025-06-16,2025-06-17,24.0
2025-06-16,2070,WOLT  WOLT,29.0,1.2083333333333333,301.0,377.16,2025-06-16,2025-06-17,24.0
2025-06-17,2079,KIOSKAPI1  API,590.0,24.583333333333332,16.0,222.99,2025-06-17,2025-06-18,24.0
2025-06-18,2090,KIOSKAPI1  API,589.0,24.541666666666668,9.0,227.97,2025-06-18,2025-06-19,24.0
2025-06-18,2092,WOLT  WOLT,25.0,1.0416666666666667,364.0,384.39,2025-06-18,2025-06-19,24.0
2025-06-19,2102,KIOSKAPI1  API,581.0,24.208333333333332,7.0,217.11,2025-06-19,2025-06-20,24.0
2025-06-19,2104,WOLT  WOLT,25.0,1.0416666666666667,286.0,329.93,2025-06-19,2025-06-20,24.0
2025-06-20,2114,KIOSKAPI1  API,676.0,28.166666666666668,9.0,231.99,2025-06-20,2025-06-21,24.0
2025-06-20,2116,WOLT  WOLT,29.0,1.2083333333333333,269.0,336.48,2025-06-20,2025-06-21,24.0
2025-06-21,2126,KIOSKAPI1  API,686.0,28.583333333333332,11.0,260.29,2025-06-21,2025-06-22,24.0
2025-06-21,2128,WOLT  WOLT,22.0,0.9166666666666666,300.0,362.78,2025-06-21,2025-06-22,24.0
2025-06-22,2135,KIOSKAPI1  API,541.0,22.541666666666668,10.0,233.45,2025-06-22,2025-06-23,24.0
2025-06-22,2137,WOLT  WOLT,26.0,1.0833333333333333,512.0,305.94,2025-06-22,2025-06-23,24.0
2025-06-23,2146,DELIVERY_HERO  DELIVERY,16.0,0.6666666666666666,423.0,346.6,2025-06-23,2025-06-24,24.0
2025-06-23,2148,KIOSKAPI1  API,489.0,20.375,7.0,222.01,2025-06-23,2025-06-24,24.0
2025-06-23,2150,WOLT  WOLT,24.0,1.0,405.0,362.31,2025-06-23,2025-06-24,24.0
2025-06-24,2158,DELIVERY_HERO  DELIVERY,17.0,0.7083333333333334,223.0,316.49,2025-06-24,2025-06-25,24.0
2025-06-24,2160,KIOSKAPI1  API,494.0,20.583333333333332,11.0,218.1,2025-06-24,2025-06-25,24.0
2025-06-25,2172,KIOSKAPI1  API,525.0,21.875,9.0,223.0,2025-06-25,2025-06-26,24.0
2025-06-25,2174,WOLT  WOLT,25.0,1.0416666666666667,234.0,423.07,2025-06-25,2025-06-26,24.0
2025-06-26,2182,KIOSKAPI1  API,547.0,22.791666666666668,8.0,231.68,2025-06-26,2025-06-27,24.0
2025-06-26,2184,WOLT  WOLT,27.0,1.125,288.0,381.55,2025-06-26,2025-06-27,24.0
2025-06-27,2195,KIOSKAPI1  API,624.0,26.0,8.0,222.62,2025-06-27,2025-06-28,24.0
2025-06-27,2197,WOLT  WOLT,31.0,1.2916666666666667,671.0,357.17,2025-06-27,2025-06-28,24.0
2025-06-28,2205,DELIVERY_HERO  DELIVERY,18.0,0.75,265.0,321.43,2025-06-28,2025-06-29,24.0
2025-06-28,2207,KIOSKAPI1  API,609.0,25.375,13.0,227.51,2025-06-28,2025-06-29,24.0
2025-06-28,2209,WOLT  WOLT,30.0,1.25,300.0,348.72,2025-06-28,2025-06-29,24.0
2025-06-29,2219,KIOSKAPI1  API,518.0,21.583333333333332,9.0,264.49,2025-06-29,2025-06-30,24.0
2025-06-29,2221,WOLT  WOLT,36.0,1.5,298.0,354.41,2025-06-29,2025-06-30,24.0
2025-06-30,2231,KIOSKAPI1  API,480.0,20.0,14.0,218.89,2025-06-30,2025-07-01,24.0
2025-06-30,2233,WOLT  WOLT,19.0,0.7916666666666666,435.0,329.84,2025-06-30,2025-07-01,24.0
2025-07-01,2242,KIOSKAPI1  API,383.0,15.958333333333334,5.0,224.97,2025-07-01,2025-07-02,24.0
2025-07-01,2244,WOLT  WOLT,32.0,1.3333333333333333,173.0,315.82,2025-07-01,2025-07-02,24.0
2025-07-02,2253,KIOSKAPI1  API,515.0,21.458333333333332,16.0,235.4,2025-07-02,2025-07-03,24.0
2025-07-02,2255,WOLT  WOLT,27.0,1.125,180.0,370.67,2025-07-02,2025-07-03,24.0
2025-07-03,2263,KIOSKAPI1  API,490.0,20.416666666666668,10.0,224.82,2025-07-03,2025-07-04,24.0
2025-07-03,2265,WOLT  WOLT,27.0,1.125,256.0,402.18,2025-07-03,2025-07-04,24.0
2025-07-04,2273,DELIVERY_HERO  DELIVERY,17.0,0.7083333333333334,229.0,325.42,2025-07-04,2025-07-05,24.0
2025-07-04,2275,KIOSKAPI1  API,574.0,23.916666666666668,9.0,232.58,2025-07-04,2025-07-05,24.0
2025-07-04,2277,WOLT  WOLT,17.0,0.7083333333333334,196.0,356.46,2025-07-04,2025-07-05,24.0
2025-07-05,2285,DELIVERY_HERO  DELIVERY,17.0,0.7083333333333334,257.0,343.17,2025-07-05,2025-07-06,24.0
2025-07-05,2287,KIOSKAPI1  API,597.0,24.875,10.0,253.07,2025-07-05,2025-07-06,24.0
2025-07-05,2289,WOLT  WOLT,21.0,0.875,187.0,365.99,2025-07-05,2025-07-06,24.0
2025-07-06,2298,KIOSKAPI1  API,555.0,23.125,8.0,239.66,2025-07-06,2025-07-07,24.0
2025-07-06,2300,WOLT  WOLT,31.0,1.2916666666666667,350.0,350.66,2025-07-06,2025-07-07,24.0
2025-07-07,2308,KIOSKAPI1  API,550.0,22.916666666666668,7.0,228.04,2025-07-07,2025-07-08,24.0
2025-07-07,2310,WOLT  WOLT,38.0,1.5833333333333333,321.0,292.74,2025-07-07,2025-07-08,24.0
2025-07-08,2318,DELIVERY_HERO  DELIVERY,11.0,0.4583333333333333,346.0,428.17,2025-07-08,2025-07-09,24.0
2025-07-08,2320,KIOSKAPI1  API,490.0,20.416666666666668,6.0,233.43,2025-07-08,2025-07-09,24.0
2025-07-08,2322,WOLT  WOLT,62.0,2.5833333333333335,252.0,302.72,2025-07-08,2025-07-09,24.0
2025-07-09,2329,DELIVERY_HERO  DELIVERY,14.0,0.5833333333333334,359.0,406.19,2025-07-09,2025-07-10,24.0
2025-07-09,2331,KIOSKAPI1  API,561.0,23.375,13.0,254.38,2025-07-09,2025-07-10,24.0
2025-07-09,2333,WOLT  WOLT,68.0,2.8333333333333335,407.0,319.5,2025-07-09,2025-07-10,24.0
2025-07-10,2342,DELIVERY_HERO  DELIVERY,16.0,0.6666666666666666,583.0,334.54,2025-07-10,2025-07-11,24.0
2025-07-10,2344,KIOSKAPI1  API,547.0,22.791666666666668,11.0,227.88,2025-07-10,2025-07-11,24.0
2025-07-10,2346,WOLT  WOLT,43.0,1.7916666666666667,385.0,310.84,2025-07-10,2025-07-11,24.0
2025-07-11,2355,KIOSKAPI1  API,576.0,24.0,8.0,234.97,2025-07-11,2025-07-12,24.0
2025-07-11,2357,WOLT  WOLT,36.0,1.5,259.0,316.72,2025-07-11,2025-07-12,24.0
2025-07-12,2366,KIOSKAPI1  API,665.0,27.708333333333332,14.0,276.61,2025-07-12,2025-07-13,24.0
2025-07-12,2368,WOLT  WOLT,36.0,1.5,438.0,323.59,2025-07-12,2025-07-13,24.0
2025-07-13,2378,KIOSKAPI1  API,554.0,23.083333333333332,8.0,239.09,2025-07-13,2025-07-14,24.0
2025-07-13,2380,WOLT  WOLT,55.0,2.2916666666666665,248.0,312.6,2025-07-13,2025-07-14,24.0
2025-07-14,2390,KIOSKAPI1  API,578.0,24.083333333333332,14.0,235.8,2025-07-14,2025-07-15,24.0
2025-07-14,2392,WOLT  WOLT,55.0,2.2916666666666665,391.0,328.23,2025-07-14,2025-07-15,24.0
2025-07-15,2402,KIOSKAPI1  API,482.0,20.083333333333332,10.0,252.53,2025-07-15,2025-07-16,24.0
2025-07-15,2404,WOLT  WOLT,48.0,2.0,311.0,306.58,2025-07-15,2025-07-16,24.0
2025-07-16,2413,KIOSKAPI1  API,589.0,24.541666666666668,8.0,244.29,2025-07-16,2025-07-17,24.0
2025-07-16,2415,WOLT  WOLT,29.0,1.2083333333333333,204.0,266.16,2025-07-16,2025-07-17,24.0
2025-07-17,2423,DELIVERY_HERO  DELIVERY,15.0,0.625,169.0,300.54,2025-07-17,2025-07-18,24.0
2025-07-17,2425,KIOSKAPI1  API,560.0,23.333333333333332,8.0,246.49,2025-07-17,2025-07-18,24.0
2025-07-17,2427,WOLT  WOLT,25.0,1.0416666666666667,241.0,298.0,2025-07-17,2025-07-18,24.0
2025-07-18,2438,KIOSKAPI1  API,642.0,26.75,7.0,245.48,2025-07-18,2025-07-19,24.0
2025-07-18,2440,WOLT  WOLT,36.0,1.5,321.0,320.24,2025-07-18,2025-07-19,24.0
2025-07-19,2449,KIOSKAPI1  API,647.0,26.958333333333332,14.0,258.08,2025-07-19,2025-07-20,24.0
2025-07-19,2451,WOLT  WOLT,32.0,1.3333333333333333,349.0,301.59,2025-07-19,2025-07-20,24.0
2025-07-20,2461,KIOSKAPI1  API,569.0,23.708333333333332,8.0,251.26,2025-07-20,2025-07-21,24.0
2025-07-20,2463,WOLT  WOLT,33.0,1.375,193.0,329.06,2025-07-20,2025-07-21,24.0
2025-07-21,2473,KIOSKAPI1  API,529.0,22.041666666666668,11.0,246.52,2025-07-21,2025-07-22,24.0
2025-07-21,2475,WOLT  WOLT,27.0,1.125,262.0,335.98,2025-07-21,2025-07-22,24.0
2025-07-22,2483,KIOSKAPI1  API,512.0,21.333333333333332,8.0,263.86,2025-07-22,2025-07-23,24.0
2025-07-22,2485,WOLT  WOLT,29.0,1.2083333333333333,324.0,319.83,2025-07-22,2025-07-23,24.0
2025-07-23,2495,KIOSKAPI1  API,593.0,24.708333333333332,11.0,248.22,2025-07-23,2025-07-24,24.0
2025-07-23,2497,WOLT  WOLT,39.0,1.625,309.0,338.14,2025-07-23,2025-07-24,24.0
2025-07-24,2505,KIOSKAPI1  API,516.0,21.5,19.0,271.31,2025-07-24,2025-07-25,24.0
2025-07-24,2507,WOLT  WOLT,38.0,1.5833333333333333,266.0,368.4,2025-07-24,2025-07-25,24.0
2025-07-25,2517,KIOSKAPI1  API,605.0,25.208333333333332,7.0,241.8,2025-07-25,2025-07-26,24.0
2025-07-25,2519,WOLT  WOLT,25.0,1.0416666666666667,99.0,267.07,2025-07-25,2025-07-26,24.0
2025-07-26,2527,KIOSKAPI1  API,690.0,28.75,13.0,265.89,2025-07-26,2025-07-27,24.0
2025-07-26,2529,WOLT  WOLT,30.0,1.25,210.0,325.98,2025-07-26,2025-07-27,24.0
2025-07-27,2539,KIOSKAPI1  API,545.0,22.708333333333332,12.0,253.97,2025-07-27,2025-07-28,24.0
2025-07-27,2541,WOLT  WOLT,41.0,1.7083333333333333,278.0,418.14,2025-07-27,2025-07-28,24.0
2025-07-28,2551,KIOSKAPI1  API,535.0,22.291666666666668,7.0,254.48,2025-07-28,2025-07-29,24.0
2025-07-28,2553,WOLT  WOLT,24.0,1.0,279.0,383.3,2025-07-28,2025-07-29,24.0
2025-07-29,2563,KIOSKAPI1  API,516.0,21.5,5.0,245.15,2025-07-29,2025-07-30,24.0
2025-07-30,2575,KIOSKAPI1  API,525.0,21.875,7.0,241.96,2025-07-30,2025-07-31,24.0
2025-07-30,2577,WOLT  WOLT,25.0,1.0416666666666667,302.0,449.32,2025-07-30,2025-07-31,24.0
2025-07-31,2586,KIOSKAPI1  API,546.0,22.75,8.0,238.34,2025-07-31,2025-08-01,24.0
2025-07-31,2588,WOLT  WOLT,28.0,1.1666666666666667,367.0,426.56,2025-07-31,2025-08-01,24.0
2025-08-01,2596,DELIVERY_HERO  DELIVERY,18.0,0.75,260.0,325.0,2025-08-01,2025-08-02,24.0
2025-08-01,2598,KIOSKAPI1  API,594.0,24.75,7.0,243.92,2025-08-01,2025-08-02,24.0
2025-08-01,2600,WOLT  WOLT,19.0,0.7916666666666666,188.0,324.01,2025-08-01,2025-08-02,24.0
2025-08-02,2610,KIOSKAPI1  API,673.0,28.041666666666668,9.0,267.64,2025-08-02,2025-08-03,24.0
2025-08-02,2612,WOLT  WOLT,29.0,1.2083333333333333,295.0,326.51,2025-08-02,2025-08-03,24.0
2025-08-03,2621,KIOSKAPI1  API,551.0,22.958333333333332,9.0,272.24,2025-08-03,2025-08-04,24.0
2025-08-03,2623,WOLT  WOLT,27.0,1.125,277.0,361.57,2025-08-03,2025-08-04,24.0
2025-08-04,2634,KIOSKAPI1  API,567.0,23.625,9.0,264.57,2025-08-04,2025-08-05,24.0
2025-08-04,2636,WOLT  WOLT,19.0,0.7916666666666666,297.0,350.99,2025-08-04,2025-08-05,24.0
2025-08-05,2647,KIOSKAPI1  API,551.0,22.958333333333332,9.0,272.39,2025-08-05,2025-08-06,24.0
2025-08-05,2649,WOLT  WOLT,29.0,1.2083333333333333,410.0,428.88,2025-08-05,2025-08-06,24.0
2025-08-06,2658,KIOSKAPI1  API,608.0,25.333333333333332,11.0,278.21,2025-08-06,2025-08-07,24.0
2025-08-06,2660,WOLT  WOLT,34.0,1.4166666666666667,396.0,357.85,2025-08-06,2025-08-07,24.0
2025-08-07,2670,KIOSKAPI1  API,588.0,24.5,8.0,265.27,2025-08-07,2025-08-08,24.0
2025-08-07,2672,WOLT  WOLT,23.0,0.9583333333333334,198.0,387.89,2025-08-07,2025-08-08,24.0
2025-08-08,2681,KIOSKAPI1  API,695.0,28.958333333333332,8.0,246.9,2025-08-08,2025-08-09,24.0
2025-08-09,2691,KIOSKAPI1  API,587.0,24.458333333333332,12.0,255.93,2025-08-09,2025-08-10,24.0
2025-08-09,2693,WOLT  WOLT,32.0,1.3333333333333333,216.0,425.61,2025-08-09,2025-08-10,24.0
2025-08-10,2702,KIOSKAPI1  API,626.0,26.083333333333332,8.0,282.75,2025-08-10,2025-08-11,24.0
2025-08-10,2704,WOLT  WOLT,34.0,1.4166666666666667,283.0,409.64,2025-08-10,2025-08-11,24.0
2025-08-11,2711,KIOSKAPI1  API,604.0,25.166666666666668,11.0,238.4,2025-08-11,2025-08-12,24.0
2025-08-12,2721,KIOSKAPI1  API,557.0,23.208333333333332,9.0,270.53,2025-08-12,2025-08-13,24.0
2025-08-12,2723,WOLT  WOLT,25.0,1.0416666666666667,357.0,322.68,2025-08-12,2025-08-13,24.0
2025-08-13,2731,KIOSKAPI1  API,539.0,22.458333333333332,8.0,258.42,2025-08-13,2025-08-14,24.0
2025-08-13,2733,WOLT  WOLT,30.0,1.25,101.0,358.66,2025-08-13,2025-08-14,24.0
2025-08-14,2742,KIOSKAPI1  API,572.0,23.833333333333332,10.0,274.2,2025-08-14,2025-08-15,24.0
2025-08-14,2744,WOLT  WOLT,29.0,1.2083333333333333,421.0,402.71,2025-08-14,2025-08-15,24.0
2025-08-15,2753,KIOSKAPI1  API,609.0,25.375,11.0,262.12,2025-08-15,2025-08-16,24.0
2025-08-15,2755,WOLT  WOLT,23.0,0.9583333333333334,368.0,388.28,2025-08-15,2025-08-16,24.0
2025-08-16,2765,KIOSKAPI1  API,651.0,27.125,10.0,283.34,2025-08-16,2025-08-17,24.0
2025-08-16,2767,WOLT  WOLT,24.0,1.0,248.0,484.38,2025-08-16,2025-08-17,24.0
2025-08-17,2776,KIOSKAPI1  API,562.0,23.416666666666668,9.0,270.12,2025-08-17,2025-08-18,24.0
2025-08-17,2778,WOLT  WOLT,29.0,1.2083333333333333,237.0,354.0,2025-08-17,2025-08-18,24.0
2025-08-18,2787,KIOSKAPI1  API,529.0,22.041666666666668,9.0,248.71,2025-08-18,2025-08-19,24.0
2025-08-18,2789,WOLT  WOLT,35.0,1.4583333333333333,353.0,389.49,2025-08-18,2025-08-19,24.0
2025-08-19,2799,KIOSKAPI1  API,491.0,20.458333333333332,8.0,263.51,2025-08-19,2025-08-20,24.0
2025-08-19,2801,WOLT  WOLT,24.0,1.0,322.0,405.58,2025-08-19,2025-08-20,24.0
2025-08-20,2808,DELIVERY_HERO  DELIVERY,17.0,0.7083333333333334,151.0,327.89,2025-08-20,2025-08-21,24.0
2025-08-20,2810,KIOSKAPI1  API,527.0,21.958333333333332,8.0,268.35,2025-08-20,2025-08-21,24.0
2025-08-20,2812,WOLT  WOLT,30.0,1.25,164.0,383.07,2025-08-20,2025-08-21,24.0
2025-08-21,2821,KIOSKAPI1  API,562.0,23.416666666666668,8.0,238.34,2025-08-21,2025-08-22,24.0
2025-08-21,2823,WOLT  WOLT,27.0,1.125,352.0,415.81,2025-08-21,2025-08-22,24.0
2025-08-22,2831,KIOSKAPI1  API,679.0,28.291666666666668,12.0,258.44,2025-08-22,2025-08-23,24.0
2025-08-22,2833,WOLT  WOLT,21.0,0.875,260.0,444.6,2025-08-22,2025-08-23,24.0
2025-08-23,2841,KIOSKAPI1  API,621.0,25.875,13.0,264.76,2025-08-23,2025-08-24,24.0
2025-08-23,2843,WOLT  WOLT,33.0,1.375,581.0,407.17,2025-08-23,2025-08-24,24.0
2025-08-24,2851,DELIVERY_HERO  DELIVERY,13.0,0.5416666666666666,539.0,368.82,2025-08-24,2025-08-25,24.0
2025-08-24,2853,KIOSKAPI1  API,513.0,21.375,12.0,279.55,2025-08-24,2025-08-25,24.0
2025-08-24,2855,WOLT  WOLT,30.0,1.25,454.0,336.04,2025-08-24,2025-08-25,24.0
2025-08-25,2864,KIOSKAPI1  API,507.0,21.125,12.0,249.1,2025-08-25,2025-08-26,24.0
2025-08-25,2866,WOLT  WOLT,40.0,1.6666666666666667,3469.0,362.23,2025-08-25,2025-08-26,24.0
2025-08-26,2876,KIOSKAPI1  API,465.0,19.375,10.0,270.71,2025-08-26,2025-08-27,24.0
2025-08-26,2878,WOLT  WOLT,26.0,1.0833333333333333,343.0,393.2,2025-08-26,2025-08-27,24.0
2025-08-27,2886,KIOSKAPI1  API,526.0,21.916666666666668,7.0,234.13,2025-08-27,2025-08-28,24.0
2025-08-27,2888,WOLT  WOLT,20.0,0.8333333333333334,392.0,309.91,2025-08-27,2025-08-28,24.0
2025-08-28,2896,KIOSKAPI1  API,499.0,20.791666666666668,12.0,238.93,2025-08-28,2025-08-29,24.0
2025-08-28,2898,WOLT  WOLT,29.0,1.2083333333333333,221.0,406.8,2025-08-28,2025-08-29,24.0
2025-08-29,2904,BOLT  BOLT,16.0,0.6666666666666666,82.0,424.67,2025-08-29,2025-08-30,24.0
2025-08-29,2906,DELIVERY_HERO  DELIVERY,22.0,0.9166666666666666,170.0,363.51,2025-08-29,2025-08-30,24.0
2025-08-29,2908,KIOSKAPI1  API,454.0,18.916666666666668,13.0,256.23,2025-08-29,2025-08-30,24.0
2025-08-29,2910,WOLT  WOLT,34.0,1.4166666666666667,140.0,401.79,2025-08-29,2025-08-30,24.0
2025-08-30,2919,KIOSKAPI1  API,583.0,24.291666666666668,9.0,248.92,2025-08-30,2025-08-31,24.0
2025-08-30,2921,WOLT  WOLT,38.0,1.5833333333333333,303.0,348.92,2025-08-30,2025-08-31,24.0
2025-08-31,2929,KIOSKAPI1  API,414.0,17.25,14.0,242.06,2025-08-31,2025-09-01,24.0
2025-08-31,2931,WOLT  WOLT,50.0,2.0833333333333335,345.0,373.7,2025-08-31,2025-09-01,24.0
2025-09-01,2942,KIOSKAPI1  API,430.0,17.916666666666668,13.0,218.96,2025-09-01,2025-09-02,24.0
2025-09-01,2944,WOLT  WOLT,40.0,1.6666666666666667,191.0,432.72,2025-09-01,2025-09-02,24.0
2025-09-02,2952,KIOSKAPI1  API,454.0,18.916666666666668,10.0,239.0,2025-09-02,2025-09-03,24.0
2025-09-02,2954,WOLT  WOLT,23.0,0.9583333333333334,1046.0,380.05,2025-09-02,2025-09-03,24.0
2025-09-03,2962,KIOSKAPI1  API,528.0,22.0,8.0,233.11,2025-09-03,2025-09-04,24.0
2025-09-03,2964,WOLT  WOLT,25.0,1.0416666666666667,261.0,352.25,2025-09-03,2025-09-04,24.0
2025-09-04,2972,KIOSKAPI1  API,595.0,24.791666666666668,12.0,239.58,2025-09-04,2025-09-05,24.0
2025-09-04,2974,WOLT  WOLT,30.0,1.25,348.0,358.78,2025-09-04,2025-09-05,24.0
2025-09-05,2981,DELIVERY_HERO  DELIVERY,17.0,0.7083333333333334,431.0,372.95,2025-09-05,2025-09-06,24.0
2025-09-05,2983,KIOSKAPI1  API,531.0,22.125,10.0,237.0,2025-09-05,2025-09-06,24.0
2025-09-05,2985,WOLT  WOLT,27.0,1.125,282.0,402.38,2025-09-05,2025-09-06,24.0
2025-09-06,2994,KIOSKAPI1  API,707.0,29.458333333333332,8.0,255.72,2025-09-06,2025-09-07,24.0
2025-09-06,2996,WOLT  WOLT,41.0,1.7083333333333333,429.0,347.47,2025-09-06,2025-09-07,24.0
2025-09-07,3004,KIOSKAPI1  API,508.0,21.166666666666668,14.0,251.66,2025-09-07,2025-09-08,24.0
2025-09-07,3006,WOLT  WOLT,26.0,1.0833333333333333,265.0,352.37,2025-09-07,2025-09-08,24.0
2025-09-08,3013,DELIVERY_HERO  DELIVERY,15.0,0.625,226.0,388.93,2025-09-08,2025-09-09,24.0
2025-09-08,3015,KIOSKAPI1  API,459.0,19.125,12.0,230.05,2025-09-08,2025-09-09,24.0
2025-09-08,3017,WOLT  WOLT,32.0,1.3333333333333333,270.0,413.5,2025-09-08,2025-09-09,24.0
2025-09-09,3025,KIOSKAPI1  API,465.0,19.375,11.0,220.87,2025-09-09,2025-09-10,24.0
2025-09-09,3027,WOLT  WOLT,29.0,1.2083333333333333,251.0,321.24,2025-09-09,2025-09-10,24.0
2025-09-10,3035,KIOSKAPI1  API,530.0,22.083333333333332,13.0,229.88,2025-09-10,2025-09-11,24.0
2025-09-11,3046,KIOSKAPI1  API,567.0,23.625,10.0,228.41,2025-09-11,2025-09-12,24.0
2025-09-11,3048,WOLT  WOLT,20.0,0.8333333333333334,294.0,365.63,2025-09-11,2025-09-12,24.0
2025-09-12,3057,KIOSKAPI1  API,573.0,23.875,8.0,238.54,2025-09-12,2025-09-13,24.0
2025-09-13,3067,KIOSKAPI1  API,566.0,23.583333333333332,14.0,259.46,2025-09-13,2025-09-14,24.0
2025-09-13,3069,WOLT  WOLT,31.0,1.2916666666666667,310.0,403.43,2025-09-13,2025-09-14,24.0
2025-09-14,3075,BOLT  BOLT,20.0,0.8333333333333334,341.0,417.54,2025-09-14,2025-09-15,24.0
2025-09-14,3078,KIOSKAPI1  API,476.0,19.833333333333332,14.0,239.48,2025-09-14,2025-09-15,24.0
2025-09-14,3080,WOLT  WOLT,30.0,1.25,285.0,394.14,2025-09-14,2025-09-15,24.0
2025-09-15,3089,KIOSKAPI1  API,419.0,17.458333333333332,8.0,219.62,2025-09-15,2025-09-16,24.0
2025-09-15,3091,WOLT  WOLT,32.0,1.3333333333333333,301.0,368.16,2025-09-15,2025-09-16,24.0
2025-09-16,3099,KIOSKAPI1  API,443.0,18.458333333333332,16.0,220.91,2025-09-16,2025-09-17,24.0
2025-09-16,3101,WOLT  WOLT,18.0,0.75,2108.0,273.02,2025-09-16,2025-09-17,24.0
2025-09-17,3110,KIOSKAPI1  API,560.0,23.333333333333332,12.0,233.21,2025-09-17,2025-09-18,24.0
2025-09-17,3112,WOLT  WOLT,30.0,1.25,207.0,352.05,2025-09-17,2025-09-18,24.0
2025-09-18,3120,KIOSKAPI1  API,622.0,25.916666666666668,8.0,224.21,2025-09-18,2025-09-19,24.0
2025-09-18,3122,WOLT  WOLT,27.0,1.125,198.0,378.94,2025-09-18,2025-09-19,24.0
2025-09-19,3131,KIOSKAPI1  API,627.0,26.125,6.0,223.86,2025-09-19,2025-09-20,24.0
2025-09-19,3133,WOLT  WOLT,26.0,1.0833333333333333,266.0,339.66,2025-09-19,2025-09-20,24.0
2025-09-20,3142,KIOSKAPI1  API,634.0,26.416666666666668,11.0,233.3,2025-09-20,2025-09-21,24.0
2025-09-21,3152,KIOSKAPI1  API,538.0,22.416666666666668,8.0,252.1,2025-09-21,2025-09-22,24.0
2025-09-22,3161,DELIVERY_HERO  DELIVERY,18.0,0.75,240.0,283.38,2025-09-22,2025-09-23,24.0
2025-09-22,3163,KIOSKAPI1  API,392.0,16.333333333333332,20.0,235.66,2025-09-22,2025-09-23,24.0
2025-09-23,3172,KIOSKAPI1  API,459.0,19.125,16.0,223.22,2025-09-23,2025-09-24,24.0
2025-09-23,3174,WOLT  WOLT,24.0,1.0,178.0,330.95,2025-09-23,2025-09-24,24.0
2025-09-24,3182,DELIVERY_HERO  DELIVERY,17.0,0.7083333333333334,203.0,309.93,2025-09-24,2025-09-25,24.0
2025-09-24,3184,KIOSKAPI1  API,534.0,22.25,19.0,222.71,2025-09-24,2025-09-25,24.0
2025-09-24,3186,WOLT  WOLT,36.0,1.5,279.0,367.36,2025-09-24,2025-09-25,24.0
2025-09-25,3193,DELIVERY_HERO  DELIVERY,21.0,0.875,379.0,383.8,2025-09-25,2025-09-26,24.0
2025-09-25,3195,KIOSKAPI1  API,568.0,23.666666666666668,13.0,236.25,2025-09-25,2025-09-26,24.0
2025-09-25,3197,WOLT  WOLT,18.0,0.75,285.0,359.28,2025-09-25,2025-09-26,24.0
2025-09-26,3206,KIOSKAPI1  API,619.0,25.791666666666668,10.0,229.92,2025-09-26,2025-09-27,24.0
2025-09-26,3208,WOLT  WOLT,23.0,0.9583333333333334,285.0,356.25,2025-09-26,2025-09-27,24.0
2025-09-27,3215,DELIVERY_HERO  DELIVERY,16.0,0.6666666666666666,290.0,282.59,2025-09-27,2025-09-28,24.0
2025-09-27,3217,KIOSKAPI1  API,642.0,26.75,15.0,240.89,2025-09-27,2025-09-28,24.0
2025-09-27,3219,WOLT  WOLT,41.0,1.7083333333333333,316.0,354.27,2025-09-27,2025-09-28,24.0
2025-09-28,3229,KIOSKAPI1  API,549.0,22.875,14.0,237.35,2025-09-28,2025-09-29,24.0
2025-09-28,3231,WOLT  WOLT,27.0,1.125,327.0,472.22,2025-09-28,2025-09-29,24.0
2025-09-29,3239,DELIVERY_HERO  DELIVERY,17.0,0.7083333333333334,420.0,298.21,2025-09-29,2025-09-30,24.0
2025-09-29,3241,KIOSKAPI1  API,433.0,18.041666666666668,10.0,227.35,2025-09-29,2025-09-30,24.0
2025-09-29,3243,WOLT  WOLT,24.0,1.0,354.0,311.61,2025-09-29,2025-09-30,24.0
2025-09-30,3252,KIOSKAPI1  API,382.0,15.916666666666666,12.0,221.4,2025-09-30,2025-10-01,24.0
2025-10-01,3262,KIOSKAPI1  API,471.0,19.625,8.0,211.44,2025-10-01,2025-10-02,24.0
2025-10-01,3264,WOLT  WOLT,23.0,0.9583333333333334,193.0,325.39,2025-10-01,2025-10-02,24.0
2025-10-02,3273,KIOSKAPI1  API,498.0,20.75,8.0,248.62,2025-10-02,2025-10-03,24.0
2025-10-02,3275,WOLT  WOLT,20.0,0.8333333333333334,202.0,447.05,2025-10-02,2025-10-03,24.0
2025-10-03,3284,KIOSKAPI1  API,625.0,26.041666666666668,10.0,248.55,2025-10-03,2025-10-04,24.0
2025-10-03,3286,WOLT  WOLT,23.0,0.9583333333333334,372.0,382.45,2025-10-03,2025-10-04,24.0
2025-10-04,3293,KIOSKAPI1  API,632.0,26.333333333333332,9.0,265.32,2025-10-04,2025-10-05,24.0
2025-10-04,3295,WOLT  WOLT,33.0,1.375,412.0,346.05,2025-10-04,2025-10-05,24.0
2025-10-05,3302,DELIVERY_HERO  DELIVERY,15.0,0.625,329.0,412.44,2025-10-05,2025-10-06,24.0
2025-10-05,3304,KIOSKAPI1  API,396.0,16.5,11.0,248.73,2025-10-05,2025-10-06,24.0
2025-10-05,3306,WOLT  WOLT,28.0,1.1666666666666667,241.0,325.19,2025-10-05,2025-10-06,24.0
2025-10-06,3314,KIOSKAPI1  API,377.0,15.708333333333334,9.0,226.28,2025-10-06,2025-10-07,24.0
2025-10-06,3316,WOLT  WOLT,38.0,1.5833333333333333,251.0,425.78,2025-10-06,2025-10-07,24.0
2025-10-07,3326,KIOSKAPI1  API,461.0,19.208333333333332,11.0,219.11,2025-10-07,2025-10-08,24.0
2025-10-07,3328,WOLT  WOLT,35.0,1.4583333333333333,305.0,358.95,2025-10-07,2025-10-08,24.0
2025-10-08,3338,KIOSKAPI1  API,584.0,24.333333333333332,9.0,219.5,2025-10-08,2025-10-09,24.0
2025-10-08,3340,WOLT  WOLT,32.0,1.3333333333333333,388.0,430.52,2025-10-08,2025-10-09,24.0
2025-10-09,3349,KIOSKAPI1  API,589.0,24.541666666666668,12.0,247.3,2025-10-09,2025-10-10,24.0
2025-10-09,3351,WOLT  WOLT,37.0,1.5416666666666667,329.0,465.66,2025-10-09,2025-10-10,24.0
2025-10-10,3360,KIOSKAPI1  API,588.0,24.5,11.0,241.63,2025-10-10,2025-10-11,24.0
2025-10-10,3362,WOLT  WOLT,31.0,1.2916666666666667,385.0,396.63,2025-10-10,2025-10-11,24.0
2025-10-11,3372,KIOSKAPI1  API,712.0,29.666666666666668,13.0,270.91,2025-10-11,2025-10-12,24.0
2025-10-11,3374,WOLT  WOLT,27.0,1.125,383.0,347.06,2025-10-11,2025-10-12,24.0
2025-10-12,3381,DELIVERY_HERO  DELIVERY,13.0,0.5416666666666666,279.0,354.4,2025-10-12,2025-10-13,24.0
2025-10-12,3383,KIOSKAPI1  API,539.0,22.458333333333332,11.0,259.77,2025-10-12,2025-10-13,24.0
2025-10-12,3385,WOLT  WOLT,31.0,1.2916666666666667,333.0,336.32,2025-10-12,2025-10-13,24.0
2025-10-13,3394,KIOSKAPI1  API,556.0,23.166666666666668,19.0,244.82,2025-10-13,2025-10-14,24.0
2025-10-13,3396,WOLT  WOLT,30.0,1.25,345.0,389.79,2025-10-13,2025-10-14,24.0
2025-10-14,3405,KIOSKAPI1  API,500.0,20.833333333333332,27.0,247.36,2025-10-14,2025-10-15,24.0
2025-10-14,3407,WOLT  WOLT,44.0,1.8333333333333333,262.0,415.12,2025-10-14,2025-10-15,24.0
2025-10-15,3417,KIOSKAPI1  API,508.0,21.166666666666668,9.0,243.05,2025-10-15,2025-10-16,24.0
2025-10-15,3419,WOLT  WOLT,34.0,1.4166666666666667,182.0,376.08,2025-10-15,2025-10-16,24.0
2025-10-16,3426,DELIVERY_HERO  DELIVERY,16.0,0.6666666666666666,284.0,339.29,2025-10-16,2025-10-17,24.0
2025-10-16,3428,KIOSKAPI1  API,701.0,29.208333333333332,8.0,235.38,2025-10-16,2025-10-17,24.0
2025-10-16,3430,WOLT  WOLT,31.0,1.2916666666666667,209.0,306.8,2025-10-16,2025-10-17,24.0
2025-10-17,3439,DELIVERY_HERO  DELIVERY,17.0,0.7083333333333334,144.0,346.11,2025-10-17,2025-10-18,24.0
2025-10-17,3441,KIOSKAPI1  API,754.0,31.416666666666668,9.0,243.62,2025-10-17,2025-10-18,24.0
2025-10-17,3443,WOLT  WOLT,30.0,1.25,284.0,391.9,2025-10-17,2025-10-18,24.0
2025-10-18,3451,DELIVERY_HERO  DELIVERY,18.0,0.75,227.0,369.2,2025-10-18,2025-10-19,24.0
2025-10-18,3453,KIOSKAPI1  API,822.0,34.25,12.0,265.31,2025-10-18,2025-10-19,24.0
2025-10-18,3455,WOLT  WOLT,38.0,1.5833333333333333,393.0,428.31,2025-10-18,2025-10-19,24.0
2025-10-19,3463,DELIVERY_HERO  DELIVERY,19.0,0.7916666666666666,126.0,272.98,2025-10-19,2025-10-20,24.0
2025-10-19,3465,KIOSKAPI1  API,618.0,25.75,10.0,248.76,2025-10-19,2025-10-20,24.0
2025-10-19,3467,WOLT  WOLT,32.0,1.3333333333333333,234.0,354.66,2025-10-19,2025-10-20,24.0
2025-10-20,3474,DELIVERY_HERO  DELIVERY,19.0,0.7916666666666666,136.0,331.2,2025-10-20,2025-10-21,24.0
2025-10-20,3476,KIOSKAPI1  API,463.0,19.291666666666668,10.0,230.9,2025-10-20,2025-10-21,24.0
2025-10-20,3478,WOLT  WOLT,37.0,1.5416666666666667,195.0,387.38,2025-10-20,2025-10-21,24.0
2025-10-21,3484,KIOSKAPI1  API,276.0,11.5,8.0,224.94,2025-10-21,2025-10-22,24.0
2025-10-21,3486,WOLT  WOLT,24.0,1.0,2529.0,347.25,2025-10-21,2025-10-22,24.0
2025-10-22,3496,KIOSKAPI1  API,495.0,20.625,14.0,233.77,2025-10-22,2025-10-23,24.0
2025-10-22,3498,WOLT  WOLT,31.0,1.2916666666666667,185.0,357.17,2025-10-22,2025-10-23,24.0
2025-10-23,3507,KIOSKAPI1  API,538.0,22.416666666666668,8.0,236.68,2025-10-23,2025-10-24,24.0
2025-10-23,3509,WOLT  WOLT,35.0,1.4583333333333333,194.0,324.59,2025-10-23,2025-10-24,24.0
2025-10-24,3519,KIOSKAPI1  API,601.0,25.041666666666668,10.0,252.55,2025-10-24,2025-10-25,24.0
2025-10-25,3529,KIOSKAPI1  API,691.0,28.791666666666668,13.0,272.09,2025-10-25,2025-10-26,24.0
2025-10-25,3531,WOLT  WOLT,35.0,1.4583333333333333,114.0,366.12,2025-10-25,2025-10-26,24.0
2025-10-26,3538,DELIVERY_HERO  DELIVERY,16.0,0.6666666666666666,164.0,361.44,2025-10-26,2025-10-27,24.0
2025-10-26,3540,KIOSKAPI1  API,566.0,23.583333333333332,17.0,279.93,2025-10-26,2025-10-27,24.0
2025-10-26,3542,WOLT  WOLT,47.0,1.9583333333333333,220.0,377.79,2025-10-26,2025-10-27,24.0
2025-10-27,3549,BOLT  BOLT,20.0,0.8333333333333334,243.0,340.18,2025-10-27,2025-10-28,24.0
2025-10-27,3551,DELIVERY_HERO  DELIVERY,16.0,0.6666666666666666,274.0,325.33,2025-10-27,2025-10-28,24.0
2025-10-27,3553,KIOSKAPI1  API,574.0,23.916666666666668,11.0,253.23,2025-10-27,2025-10-28,24.0
2025-10-27,3555,WOLT  WOLT,52.0,2.1666666666666665,246.0,359.44,2025-10-27,2025-10-28,24.0
2025-10-28,3564,KIOSKAPI1  API,593.0,24.708333333333332,15.0,255.41,2025-10-28,2025-10-29,24.0
2025-10-28,3566,WOLT  WOLT,33.0,1.375,214.0,309.15,2025-10-28,2025-10-29,24.0
2025-10-29,3576,KIOSKAPI1  API,504.0,21.0,12.0,241.85,2025-10-29,2025-10-30,24.0
2025-10-30,3585,KIOSKAPI1  API,564.0,23.5,7.0,232.0,2025-10-30,2025-10-31,24.0
2025-10-30,3587,WOLT  WOLT,26.0,1.0833333333333333,128.0,374.35,2025-10-30,2025-10-31,24.0
2025-10-31,3596,KIOSKAPI1  API,758.0,31.583333333333332,8.0,242.98,2025-10-31,2025-11-01,24.0
2025-10-31,3598,WOLT  WOLT,35.0,1.4583333333333333,231.0,377.98,2025-10-31,2025-11-01,24.0
2025-11-01,3606,KIOSKAPI1  API,717.0,29.875,10.0,263.91,2025-11-01,2025-11-02,24.0
2025-11-01,3608,WOLT  WOLT,37.0,1.5416666666666667,258.0,450.8,2025-11-01,2025-11-02,24.0
2025-11-02,3616,DELIVERY_HERO  DELIVERY,22.0,0.9166666666666666,358.0,305.11,2025-11-02,2025-11-03,24.0
2025-11-02,3618,KIOSKAPI1  API,374.0,15.583333333333334,8.0,251.3,2025-11-02,2025-11-03,24.0
2025-11-02,3620,WOLT  WOLT,28.0,1.1666666666666667,148.0,415.94,2025-11-02,2025-11-03,24.0
2025-11-03,3629,DELIVERY_HERO  DELIVERY,16.0,0.6666666666666666,271.0,362.17,2025-11-03,2025-11-04,24.0
2025-11-03,3631,KIOSKAPI1  API,404.0,16.833333333333332,10.0,224.81,2025-11-03,2025-11-04,24.0
2025-11-03,3633,WOLT  WOLT,32.0,1.3333333333333333,307.0,376.26,2025-11-03,2025-11-04,24.0
2025-11-04,3641,DELIVERY_HERO  DELIVERY,16.0,0.6666666666666666,219.0,274.0,2025-11-04,2025-11-05,24.0
2025-11-04,3643,KIOSKAPI1  API,436.0,18.166666666666668,12.0,229.75,2025-11-04,2025-11-05,24.0
2025-11-05,3652,DELIVERY_HERO  DELIVERY,14.0,0.5833333333333334,151.0,325.45,2025-11-05,2025-11-06,24.0
2025-11-05,3654,KIOSKAPI1  API,447.0,18.625,10.0,237.1,2025-11-05,2025-11-06,24.0
2025-11-05,3656,WOLT  WOLT,18.0,0.75,144.0,388.49,2025-11-05,2025-11-06,24.0
2025-11-06,3665,DELIVERY_HERO  DELIVERY,17.0,0.7083333333333334,209.0,264.02,2025-11-06,2025-11-07,24.0
2025-11-06,3667,KIOSKAPI1  API,543.0,22.625,19.0,236.97,2025-11-06,2025-11-07,24.0
2025-11-06,3669,WOLT  WOLT,27.0,1.125,142.0,350.3,2025-11-06,2025-11-07,24.0
2025-11-07,3678,DELIVERY_HERO  DELIVERY,14.0,0.5833333333333334,178.0,348.21,2025-11-07,2025-11-08,24.0
2025-11-07,3680,KIOSKAPI1  API,594.0,24.75,14.0,233.97,2025-11-07,2025-11-08,24.0
2025-11-07,3682,WOLT  WOLT,39.0,1.625,196.0,437.87,2025-11-07,2025-11-08,24.0
2025-11-08,3689,KIOSKAPI1  API,784.0,32.666666666666664,18.0,255.67,2025-11-08,2025-11-09,24.0
2025-11-08,3691,WOLT  WOLT,36.0,1.5,242.0,384.45,2025-11-08,2025-11-09,24.0
2025-11-09,3699,DELIVERY_HERO  DELIVERY,26.0,1.0833333333333333,144.0,363.22,2025-11-09,2025-11-10,24.0
2025-11-09,3701,KIOSKAPI1  API,534.0,22.25,16.0,269.71,2025-11-09,2025-11-10,24.0
2025-11-09,3703,WOLT  WOLT,39.0,1.625,244.0,345.6,2025-11-09,2025-11-10,24.0
2025-11-10,3711,DELIVERY_HERO  DELIVERY,25.0,1.0416666666666667,412.0,341.29,2025-11-10,2025-11-11,24.0
2025-11-10,3713,KIOSKAPI1  API,596.0,24.833333333333332,16.0,261.0,2025-11-10,2025-11-11,24.0
2025-11-10,3715,WOLT  WOLT,40.0,1.6666666666666667,365.0,391.58,2025-11-10,2025-11-11,24.0
2025-11-11,3724,KIOSKAPI1  API,512.0,21.333333333333332,11.0,240.26,2025-11-11,2025-11-12,24.0
2025-11-11,3726,WOLT  WOLT,33.0,1.375,120.0,380.11,2025-11-11,2025-11-12,24.0
2025-11-12,3733,BOLT  BOLT,12.0,0.5,194.0,440.33,2025-11-12,2025-11-13,24.0
2025-11-12,3736,KIOSKAPI1  API,468.0,19.5,6.0,210.6,2025-11-12,2025-11-13,24.0
2025-11-12,3738,WOLT  WOLT,41.0,1.7083333333333333,185.0,344.86,2025-11-12,2025-11-13,24.0
2025-11-13,3747,KIOSKAPI1  API,545.0,22.708333333333332,8.0,222.58,2025-11-13,2025-11-14,24.0
2025-11-13,3749,WOLT  WOLT,37.0,1.5416666666666667,166.0,417.28,2025-11-13,2025-11-14,24.0
2025-11-14,3757,DELIVERY_HERO  DELIVERY,18.0,0.75,220.0,337.95,2025-11-14,2025-11-15,24.0
2025-11-14,3759,KIOSKAPI1  API,633.0,26.375,9.0,240.5,2025-11-14,2025-11-15,24.0
2025-11-14,3761,WOLT  WOLT,29.0,1.2083333333333333,374.0,394.12,2025-11-14,2025-11-15,24.0
2025-11-15,3769,KIOSKAPI1  API,774.0,32.25,10.0,254.18,2025-11-15,2025-11-16,24.0
2025-11-15,3771,WOLT  WOLT,36.0,1.5,356.0,356.92,2025-11-15,2025-11-16,24.0
2025-11-16,3779,DELIVERY_HERO  DELIVERY,19.0,0.7916666666666666,189.0,293.33,2025-11-16,2025-11-17,24.0
2025-11-16,3781,KIOSKAPI1  API,548.0,22.833333333333332,10.0,250.02,2025-11-16,2025-11-17,24.0
2025-11-16,3783,WOLT  WOLT,49.0,2.0416666666666665,196.0,388.28,2025-11-16,2025-11-17,24.0
2025-11-17,3791,DELIVERY_HERO  DELIVERY,34.0,1.4166666666666667,203.0,301.97,2025-11-17,2025-11-18,24.0
2025-11-17,3793,KIOSKAPI1  API,789.0,32.875,7.0,228.94,2025-11-17,2025-11-18,24.0
2025-11-17,3795,WOLT  WOLT,30.0,1.25,205.0,410.42,2025-11-17,2025-11-18,24.0
2025-11-18,3803,KIOSKAPI1  API,440.0,18.333333333333332,12.0,233.27,2025-11-18,2025-11-19,24.0
2025-11-19,3812,KIOSKAPI1  API,476.0,19.833333333333332,8.0,231.41,2025-11-19,2025-11-20,24.0
2025-11-19,3814,WOLT  WOLT,33.0,1.375,454.0,434.12,2025-11-19,2025-11-20,24.0
2025-11-20,3823,KIOSKAPI1  API,475.0,19.791666666666668,10.0,243.5,2025-11-20,2025-11-21,24.0
2025-11-20,3825,WOLT  WOLT,22.0,0.9166666666666666,376.0,329.02,2025-11-20,2025-11-21,24.0
2025-11-21,3834,KIOSKAPI1  API,623.0,25.958333333333332,10.0,231.7,2025-11-21,2025-11-22,24.0
2025-11-21,3836,WOLT  WOLT,29.0,1.2083333333333333,228.0,404.19,2025-11-21,2025-11-22,24.0
2025-11-22,3844,DELIVERY_HERO  DELIVERY,23.0,0.9583333333333334,238.0,282.1,2025-11-22,2025-11-23,24.0
2025-11-22,3846,KIOSKAPI1  API,661.0,27.541666666666668,13.0,254.89,2025-11-22,2025-11-23,24.0
2025-11-22,3848,WOLT  WOLT,38.0,1.5833333333333333,333.0,450.19,2025-11-22,2025-11-23,24.0
2025-11-23,3855,DELIVERY_HERO  DELIVERY,23.0,0.9583333333333334,294.0,347.05,2025-11-23,2025-11-24,24.0
2025-11-23,3857,KIOSKAPI1  API,437.0,18.208333333333332,11.0,263.45,2025-11-23,2025-11-24,24.0
2025-11-23,3859,WOLT  WOLT,34.0,1.4166666666666667,297.0,394.35,2025-11-23,2025-11-24,24.0
2025-11-24,3866,KIOSKAPI1  API,392.0,16.333333333333332,10.0,246.69,2025-11-24,2025-11-25,24.0
2025-11-24,3868,WOLT  WOLT,32.0,1.3333333333333333,97.0,357.56,2025-11-24,2025-11-25,24.0
2025-11-25,3877,KIOSKAPI1  API,424.0,17.666666666666668,9.0,229.36,2025-11-25,2025-11-26,24.0
2025-11-25,3879,WOLT  WOLT,38.0,1.5833333333333333,581.0,355.52,2025-11-25,2025-11-26,24.0
2025-11-26,3887,KIOSKAPI1  API,467.0,19.458333333333332,12.0,231.53,2025-11-26,2025-11-27,24.0
2025-11-26,3889,WOLT  WOLT,33.0,1.375,247.0,306.63,2025-11-26,2025-11-27,24.0
2025-11-27,3900,KIOSKAPI1  API,499.0,20.791666666666668,13.0,240.57,2025-11-27,2025-11-28,24.0
2025-11-27,3902,WOLT  WOLT,27.0,1.125,249.0,384.92,2025-11-27,2025-11-28,24.0
2025-11-28,3911,KIOSKAPI1  API,717.0,29.875,11.0,248.52,2025-11-28,2025-11-29,24.0
2025-11-28,3913,WOLT  WOLT,28.0,1.1666666666666667,240.0,415.53,2025-11-28,2025-11-29,24.0
2025-11-29,3922,DELIVERY_HERO  DELIVERY,24.0,1.0,196.0,338.8,2025-11-29,2025-11-30,24.0
2025-11-29,3924,KIOSKAPI1  API,752.0,31.333333333333332,12.0,255.21,2025-11-29,2025-11-30,24.0
2025-11-29,3926,WOLT  WOLT,41.0,1.7083333333333333,267.0,433.17,2025-11-29,2025-11-30,24.0
2025-11-30,3936,KIOSKAPI1  API,443.0,18.458333333333332,11.0,263.57,2025-11-30,2025-12-01,24.0
2025-11-30,3938,WOLT  WOLT,28.0,1.1666666666666667,152.0,461.54,2025-11-30,2025-12-01,24.0
2025-12-01,3945,DELIVERY_HERO  DELIVERY,23.0,0.9583333333333334,757.0,310.95,2025-12-01,2025-12-02,24.0
2025-12-01,3947,KIOSKAPI1  API,471.0,19.625,14.0,220.5,2025-12-01,2025-12-02,24.0
2025-12-01,3949,WOLT  WOLT,39.0,1.625,362.0,366.76,2025-12-01,2025-12-02,24.0
2025-12-02,3956,KIOSKAPI1  API,499.0,20.791666666666668,11.0,232.05,2025-12-02,2025-12-03,24.0
2025-12-02,3958,WOLT  WOLT,35.0,1.4583333333333333,417.0,389.92,2025-12-02,2025-12-03,24.0
2025-12-03,3966,DELIVERY_HERO  DELIVERY,25.0,1.0416666666666667,303.0,297.57,2025-12-03,2025-12-04,24.0
2025-12-03,3968,KIOSKAPI1  API,487.0,20.291666666666668,15.0,249.76,2025-12-03,2025-12-04,24.0
2025-12-03,3970,WOLT  WOLT,48.0,2.0,382.0,387.26,2025-12-03,2025-12-04,24.0
2025-12-04,3978,KIOSKAPI1  API,505.0,21.041666666666668,10.0,237.99,2025-12-04,2025-12-05,24.0
2025-12-04,3980,WOLT  WOLT,55.0,2.2916666666666665,189.0,313.1,2025-12-04,2025-12-05,24.0
2025-12-05,3988,DELIVERY_HERO  DELIVERY,18.0,0.75,179.0,303.97,2025-12-05,2025-12-06,24.0
2025-12-05,3990,KIOSKAPI1  API,610.0,25.416666666666668,7.0,257.4,2025-12-05,2025-12-06,24.0
2025-12-05,3992,WOLT  WOLT,35.0,1.4583333333333333,257.0,345.54,2025-12-05,2025-12-06,24.0
2025-12-06,4001,KIOSKAPI1  API,668.0,27.833333333333332,9.0,278.09,2025-12-06,2025-12-07,24.0
2025-12-06,4003,WOLT  WOLT,30.0,1.25,197.0,428.1,2025-12-06,2025-12-07,24.0
2025-12-07,4011,DELIVERY_HERO  DELIVERY,24.0,1.0,169.0,332.03,2025-12-07,2025-12-08,24.0
2025-12-07,4013,KIOSKAPI1  API,541.0,22.541666666666668,9.0,263.52,2025-12-07,2025-12-08,24.0
2025-12-07,4015,WOLT  WOLT,29.0,1.2083333333333333,280.0,414.07,2025-12-07,2025-12-08,24.0
2025-12-08,4021,DELIVERY_HERO  DELIVERY,24.0,1.0,249.0,327.98,2025-12-08,2025-12-09,24.0
2025-12-08,4023,KIOSKAPI1  API,460.0,19.166666666666668,11.0,225.52,2025-12-08,2025-12-09,24.0
2025-12-08,4025,WOLT  WOLT,55.0,2.2916666666666665,204.0,439.03,2025-12-08,2025-12-09,24.0
2025-12-09,4033,KIOSKAPI1  API,500.0,20.833333333333332,13.0,230.4,2025-12-09,2025-12-10,24.0
2025-12-09,4035,WOLT  WOLT,34.0,1.4166666666666667,163.0,453.36,2025-12-09,2025-12-10,24.0
2025-12-10,4043,KIOSKAPI1  API,570.0,23.75,11.0,237.33,2025-12-10,2025-12-11,24.0
2025-12-10,4045,WOLT  WOLT,32.0,1.3333333333333333,228.0,436.72,2025-12-10,2025-12-11,24.0
2025-12-11,4055,KIOSKAPI1  API,562.0,23.416666666666668,9.0,225.06,2025-12-11,2025-12-12,24.0
2025-12-11,4057,WOLT  WOLT,26.0,1.0833333333333333,157.0,325.82,2025-12-11,2025-12-12,24.0
2025-12-12,4066,KIOSKAPI1  API,631.0,26.291666666666668,9.0,234.96,2025-12-12,2025-12-13,24.0
2025-12-12,4068,WOLT  WOLT,26.0,1.0833333333333333,377.0,348.25,2025-12-12,2025-12-13,24.0
2025-12-13,4077,KIOSKAPI1  API,698.0,29.083333333333332,10.0,280.9,2025-12-13,2025-12-14,24.0
2025-12-13,4079,WOLT  WOLT,33.0,1.375,194.0,424.68,2025-12-13,2025-12-14,24.0
2025-12-14,4087,DELIVERY_HERO  DELIVERY,25.0,1.0416666666666667,245.0,388.5,2025-12-14,2025-12-15,24.0
2025-12-14,4089,KIOSKAPI1  API,551.0,22.958333333333332,10.0,258.93,2025-12-14,2025-12-15,24.0
2025-12-14,4091,WOLT  WOLT,53.0,2.2083333333333335,291.0,422.89,2025-12-14,2025-12-15,24.0
2025-12-15,4100,DELIVERY_HERO  DELIVERY,30.0,1.25,289.0,346.37,2025-12-15,2025-12-16,24.0
2025-12-15,4102,KIOSKAPI1  API,516.0,21.5,10.0,249.95,2025-12-15,2025-12-16,24.0
2025-12-15,4104,WOLT  WOLT,36.0,1.5,320.0,379.64,2025-12-15,2025-12-16,24.0
2025-12-16,4112,KIOSKAPI1  API,565.0,23.541666666666668,15.0,245.17,2025-12-16,2025-12-17,24.0
2025-12-16,4114,WOLT  WOLT,39.0,1.625,230.0,534.25,2025-12-16,2025-12-17,24.0
2025-12-17,4122,BOLT  BOLT,15.0,0.625,394.0,332.68,2025-12-17,2025-12-18,24.0
2025-12-17,4125,KIOSKAPI1  API,576.0,24.0,7.0,245.02,2025-12-17,2025-12-18,24.0
2025-12-17,4127,WOLT  WOLT,24.0,1.0,328.0,353.42,2025-12-17,2025-12-18,24.0
2025-12-18,4134,DELIVERY_HERO  DELIVERY,22.0,0.9166666666666666,192.0,335.39,2025-12-18,2025-12-19,24.0
2025-12-18,4136,KIOSKAPI1  API,600.0,25.0,9.0,250.34,2025-12-18,2025-12-19,24.0
2025-12-18,4138,WOLT  WOLT,25.0,1.0416666666666667,323.0,381.93,2025-12-18,2025-12-19,24.0
2025-12-19,4146,DELIVERY_HERO  DELIVERY,16.0,0.6666666666666666,156.0,423.21,2025-12-19,2025-12-20,24.0
2025-12-19,4148,KIOSKAPI1  API,560.0,23.333333333333332,8.0,242.37,2025-12-19,2025-12-20,24.0
2025-12-20,4159,KIOSKAPI1  API,643.0,26.791666666666668,8.0,283.23,2025-12-20,2025-12-21,24.0
2025-12-20,4161,WOLT  WOLT,31.0,1.2916666666666667,217.0,354.67,2025-12-20,2025-12-21,24.0
2025-12-21,4169,DELIVERY_HERO  DELIVERY,24.0,1.0,260.0,348.47,2025-12-21,2025-12-22,24.0
2025-12-21,4171,KIOSKAPI1  API,640.0,26.666666666666668,8.0,272.61,2025-12-21,2025-12-22,24.0
2025-12-22,4180,DELIVERY_HERO  DELIVERY,18.0,0.75,199.0,360.52,2025-12-22,2025-12-23,24.0
2025-12-22,4182,KIOSKAPI1  API,547.0,22.791666666666668,12.0,241.53,2025-12-22,2025-12-23,24.0
2025-12-22,4184,WOLT  WOLT,24.0,1.0,207.0,452.79,2025-12-22,2025-12-23,24.0
2025-12-23,4192,KIOSKAPI1  API,431.0,17.958333333333332,12.0,280.32,2025-12-23,2025-12-24,24.0
2025-12-24,4199,BOLT  BOLT,51.0,2.125,289.0,505.93,2025-12-24,2025-12-25,24.0
2025-12-24,4202,KIOSKAPI1  API,735.0,30.625,12.0,356.32,2025-12-24,2025-12-25,24.0
2025-12-25,4209,BOLT  BOLT,29.0,1.2083333333333333,475.0,478.66,2025-12-25,2025-12-26,24.0
2025-12-25,4211,DELIVERY_HERO  DELIVERY,42.0,1.75,344.0,417.94,2025-12-25,2025-12-26,24.0
2025-12-25,4213,KIOSKAPI1  API,644.0,26.833333333333332,18.0,320.38,2025-12-25,2025-12-26,24.0
2025-12-26,4223,KIOSKAPI1  API,585.0,24.375,14.0,317.55,2025-12-26,2025-12-27,24.0
2025-12-26,4225,WOLT  WOLT,21.0,0.875,214.0,439.71,2025-12-26,2025-12-27,24.0
2025-12-27,4234,DELIVERY_HERO  DELIVERY,17.0,0.7083333333333334,146.0,419.64,2025-12-27,2025-12-28,24.0
2025-12-27,4236,KIOSKAPI1  API,564.0,23.5,14.0,295.69,2025-12-27,2025-12-28,24.0
2025-12-27,4238,WOLT  WOLT,24.0,1.0,145.0,494.94,2025-12-27,2025-12-28,24.0
2025-12-28,4247,DELIVERY_HERO  DELIVERY,17.0,0.7083333333333334,100.0,444.07,2025-12-28,2025-12-29,24.0
2025-12-28,4249,KIOSKAPI1  API,602.0,25.083333333333332,18.0,294.49,2025-12-28,2025-12-29,24.0
2025-12-28,4251,WOLT  WOLT,30.0,1.25,230.0,454.58,2025-12-28,2025-12-29,24.0
2025-12-29,4257,BOLT  BOLT,19.0,0.7916666666666666,213.0,519.31,2025-12-29,2025-12-30,24.0
2025-12-29,4259,DELIVERY_HERO  DELIVERY,22.0,0.9166666666666666,305.0,383.93,2025-12-29,2025-12-30,24.0
2025-12-29,4261,KIOSKAPI1  API,607.0,25.291666666666668,17.0,287.64,2025-12-29,2025-12-30,24.0
2025-12-29,4263,WOLT  WOLT,34.0,1.4166666666666667,296.0,456.54,2025-12-29,2025-12-30,24.0
2025-12-30,4271,KIOSKAPI1  API,727.0,30.291666666666668,20.0,320.53,2025-12-30,2025-12-31,24.0
2025-12-31,4281,KIOSKAPI1  API,678.0,28.25,15.0,315.53,2025-12-31,2026-01-01,24.0
2025-12-31,4283,WOLT  WOLT,25.0,1.0416666666666667,448.0,465.57,2025-12-31,2026-01-01,24.0
